2026-06-17 16:41:36   Config '/home/rayan/Documents/github/Visual Place Recognition/TextInPlace/repo/configs/Bridge/TotalText/R_50_poly.yaml' has no VERSION. Assuming it to be compatible with latest v2.
2026-06-17 16:41:37   trainable params: 23615105 || all params: 109636138 || trainable%: 21.54
2026-06-17 16:41:37   backbone.unfrozen_layers.0.0.conv1.weight, backbone.unfrozen_layers.0.0.bn1.weight, backbone.unfrozen_layers.0.0.conv2.weight, backbone.unfrozen_layers.0.0.bn2.weight, backbone.unfrozen_layers.0.0.conv3.weight, backbone.unfrozen_layers.0.0.bn3.weight, backbone.unfrozen_layers.0.0.downsample.0.weight, backbone.unfrozen_layers.0.0.downsample.1.weight, backbone.unfrozen_layers.0.1.conv1.weight, backbone.unfrozen_layers.0.1.bn1.weight, backbone.unfrozen_layers.0.1.conv2.weight, backbone.unfrozen_layers.0.1.bn2.weight, backbone.unfrozen_layers.0.1.conv3.weight, backbone.unfrozen_layers.0.1.bn3.weight, backbone.unfrozen_layers.0.2.conv1.weight, backbone.unfrozen_layers.0.2.bn1.weight, backbone.unfrozen_layers.0.2.conv2.weight, backbone.unfrozen_layers.0.2.bn2.weight, backbone.unfrozen_layers.0.2.conv3.weight, backbone.unfrozen_layers.0.2.bn3.weight, backbone.unfrozen_layers.0.3.conv1.weight, backbone.unfrozen_layers.0.3.bn1.weight, backbone.unfrozen_layers.0.3.conv2.weight, backbone.unfrozen_layers.0.3.bn2.weight, backbone.unfrozen_layers.0.3.conv3.weight, backbone.unfrozen_layers.0.3.bn3.weight, backbone.unfrozen_layers.1.0.conv1.weight, backbone.unfrozen_layers.1.0.bn1.weight, backbone.unfrozen_layers.1.0.conv2.weight, backbone.unfrozen_layers.1.0.bn2.weight, backbone.unfrozen_layers.1.0.conv3.weight, backbone.unfrozen_layers.1.0.bn3.weight, backbone.unfrozen_layers.1.0.downsample.0.weight, backbone.unfrozen_layers.1.0.downsample.1.weight, backbone.unfrozen_layers.1.1.conv1.weight, backbone.unfrozen_layers.1.1.bn1.weight, backbone.unfrozen_layers.1.1.conv2.weight, backbone.unfrozen_layers.1.1.bn2.weight, backbone.unfrozen_layers.1.1.conv3.weight, backbone.unfrozen_layers.1.1.bn3.weight, backbone.unfrozen_layers.1.2.conv1.weight, backbone.unfrozen_layers.1.2.bn1.weight, backbone.unfrozen_layers.1.2.conv2.weight, backbone.unfrozen_layers.1.2.bn2.weight, backbone.unfrozen_layers.1.2.conv3.weight, backbone.unfrozen_layers.1.2.bn3.weight, backbone.unfrozen_layers.1.3.conv1.weight, backbone.unfrozen_layers.1.3.bn1.weight, backbone.unfrozen_layers.1.3.conv2.weight, backbone.unfrozen_layers.1.3.bn2.weight, backbone.unfrozen_layers.1.3.conv3.weight, backbone.unfrozen_layers.1.3.bn3.weight, backbone.unfrozen_layers.1.4.conv1.weight, backbone.unfrozen_layers.1.4.bn1.weight, backbone.unfrozen_layers.1.4.conv2.weight, backbone.unfrozen_layers.1.4.bn2.weight, backbone.unfrozen_layers.1.4.conv3.weight, backbone.unfrozen_layers.1.4.bn3.weight, backbone.unfrozen_layers.1.5.conv1.weight, backbone.unfrozen_layers.1.5.bn1.weight, backbone.unfrozen_layers.1.5.conv2.weight, backbone.unfrozen_layers.1.5.bn2.weight, backbone.unfrozen_layers.1.5.conv3.weight, backbone.unfrozen_layers.1.5.bn3.weight, aggregation.proj_c.weight, aggregation.norm_input.weight, aggregation.boqs.0.queries, aggregation.boqs.0.encoder.self_attn.in_proj_weight, aggregation.boqs.0.encoder.self_attn.out_proj.weight, aggregation.boqs.0.encoder.linear1.weight, aggregation.boqs.0.encoder.linear2.weight, aggregation.boqs.0.encoder.norm1.weight, aggregation.boqs.0.encoder.norm2.weight, aggregation.boqs.0.self_attn.in_proj_weight, aggregation.boqs.0.self_attn.out_proj.weight, aggregation.boqs.0.norm_q.weight, aggregation.boqs.0.cross_attn.in_proj_weight, aggregation.boqs.0.cross_attn.out_proj.weight, aggregation.boqs.0.norm_out.weight, aggregation.boqs.1.queries, aggregation.boqs.1.encoder.self_attn.in_proj_weight, aggregation.boqs.1.encoder.self_attn.out_proj.weight, aggregation.boqs.1.encoder.linear1.weight, aggregation.boqs.1.encoder.linear2.weight, aggregation.boqs.1.encoder.norm1.weight, aggregation.boqs.1.encoder.norm2.weight, aggregation.boqs.1.self_attn.in_proj_weight, aggregation.boqs.1.self_attn.out_proj.weight, aggregation.boqs.1.norm_q.weight, aggregation.boqs.1.cross_attn.in_proj_weight, aggregation.boqs.1.cross_attn.out_proj.weight, aggregation.boqs.1.norm_out.weight, aggregation.fc.weight
2026-06-17 16:41:37   Importing JpegImagePlugin
2026-06-17 16:41:37   Importing JpegImagePlugin
2026-06-17 16:41:37   tag: Copyright (33432) - type: string (2) Tag Location: 22 - Data Location: 26 - value: b'Copyright 2013'
2026-06-17 16:41:37   tag: Copyright (33432) - type: string (2) Tag Location: 22 - Data Location: 26 - value: b'Copyright 2013'
2026-06-17 16:41:37   tag: Copyright (33432) - type: string (2) Tag Location: 22 - Data Location: 26 - value: b'Copyright 2013'
2026-06-17 16:41:37   tag: Copyright (33432) - type: string (2) Tag Location: 22 - Data Location: 26 - value: b'Copyright 2013'
2026-06-17 16:41:38   tag: Copyright (33432) - type: string (2) Tag Location: 22 - Data Location: 26 - value: b'Copyright 2013'
2026-06-17 16:41:38   tag: ImageDescription (270) - type: string (2) Tag Location: 22 - Data Location: 26 - value: b'{"applied_s236562": true}\x00'
2026-06-17 16:41:38   tag: ImageDescription (270) - type: string (2) Tag Location: 22 - Data Location: 26 - value: b'{"applied_s236562": true}\x00'
2026-06-17 16:41:38   tag: Copyright (33432) - type: string (2) Tag Location: 22 - Data Location: 26 - value: b'Copyright 2013'
2026-06-17 16:41:38   tag: Copyright (33432) - type: string (2) Tag Location: 22 - Data Location: 26 - value: b'Copyright 2013'
2026-06-17 16:41:39   tag: ImageDescription (270) - type: string (2) Tag Location: 22 - Data Location: 26 - value: b'{"applied_s236562": true}\x00'
2026-06-17 16:41:40   tag: ImageDescription (270) - type: string (2) Tag Location: 22 - Data Location: 26 - value: b'{"applied_s236562": true}\x00'
2026-06-17 16:41:41   tag: ImageDescription (270) - type: string (2) Tag Location: 22 - Data Location: 26 - value: b'{"applied_s236562": true}\x00'
2026-06-17 16:41:41   tag: ImageDescription (270) - type: string (2) Tag Location: 22 - Data Location: 26 - value: b'{"applied_s236562": true}\x00'
2026-06-17 16:41:41   tag: ImageDescription (270) - type: string (2) Tag Location: 22 - Data Location: 26 - value: b'{"applied_s236562": true}\x00'
2026-06-17 16:41:41   tag: ImageDescription (270) - type: string (2) Tag Location: 22 - Data Location: 26 - value: b'{"applied_s236562": true}\x00'
2026-06-17 16:41:41   tag: ImageDescription (270) - type: string (2) Tag Location: 22 - Data Location: 26 - value: b'{"applied_s236562": true}\x00'
2026-06-17 16:41:42   tag: ImageDescription (270) - type: string (2) Tag Location: 22 - Data Location: 26 - value: b'{"applied_s236562": true}\x00'
2026-06-17 16:41:43   tag: ImageDescription (270) - type: string (2) Tag Location: 22 - Data Location: 26 - value: b'{"applied_s236562": true}\x00'
2026-06-17 16:41:43   tag: Copyright (33432) - type: string (2) Tag Location: 22 - Data Location: 26 - value: b'Copyright 2013'
2026-06-17 16:41:44   tag: Copyright (33432) - type: string (2) Tag Location: 22 - Data Location: 26 - value: b'Copyright 2013'
2026-06-17 16:41:44   tag: Copyright (33432) - type: string (2) Tag Location: 22 - Data Location: 26 - value: b'Copyright 2013'
2026-06-17 16:41:44   tag: Copyright (33432) - type: string (2) Tag Location: 22 - Data Location: 26 - value: b'Copyright 2013'
2026-06-17 16:41:44   tag: ImageDescription (270) - type: string (2) Tag Location: 22 - Data Location: 26 - value: b'{"applied_s236562": true}\x00'
2026-06-17 16:41:44   tag: ImageDescription (270) - type: string (2) Tag Location: 22 - Data Location: 26 - value: b'{"applied_s236562": true}\x00'
2026-06-17 16:41:45   tag: ImageDescription (270) - type: string (2) Tag Location: 22 - Data Location: 26 - value: b'{"applied_s236562": true}\x00'
2026-06-17 16:41:45   tag: ImageDescription (270) - type: string (2) Tag Location: 22 - Data Location: 26 - value: b'{"applied_s236562": true}\x00'
2026-06-17 16:41:45   tag: ImageDescription (270) - type: string (2) Tag Location: 22 - Data Location: 26 - value: b'{"applied_s236562": true}\x00'
2026-06-17 16:41:45   tag: ImageDescription (270) - type: string (2) Tag Location: 22 - Data Location: 26 - value: b'{"applied_s236562": true}\x00'
2026-06-17 16:41:45   tag: ImageDescription (270) - type: string (2) Tag Location: 22 - Data Location: 26 - value: b'{"applied_s236562": true}\x00'
2026-06-17 16:41:46   tag: ImageDescription (270) - type: string (2) Tag Location: 22 - Data Location: 26 - value: b'{"applied_s236562": true}\x00'
2026-06-17 16:41:46   tag: ImageDescription (270) - type: string (2) Tag Location: 22 - Data Location: 26 - value: b'{"applied_s236562": true}\x00'
2026-06-17 16:41:46   tag: Copyright (33432) - type: string (2) Tag Location: 22 - Data Location: 26 - value: b'Copyright 2013'
2026-06-17 16:41:46   tag: Copyright (33432) - type: string (2) Tag Location: 22 - Data Location: 26 - value: b'Copyright 2013'
2026-06-17 16:41:47   tag: ImageDescription (270) - type: string (2) Tag Location: 22 - Data Location: 26 - value: b'{"applied_s236562": true}\x00'
2026-06-17 16:41:47   tag: Copyright (33432) - type: string (2) Tag Location: 22 - Data Location: 26 - value: b'Copyright 2013'
2026-06-17 16:41:47   tag: ImageDescription (270) - type: string (2) Tag Location: 22 - Data Location: 26 - value: b'{"applied_s236562": true}\x00'
2026-06-17 16:41:47   tag: ImageDescription (270) - type: string (2) Tag Location: 22 - Data Location: 26 - value: b'{"applied_s236562": true}\x00'
2026-06-17 16:41:47   tag: ImageDescription (270) - type: string (2) Tag Location: 22 - Data Location: 26 - value: b'{"applied_s236562": true}\x00'
2026-06-17 16:41:48   tag: Copyright (33432) - type: string (2) Tag Location: 22 - Data Location: 26 - value: b'Copyright 2013'
2026-06-17 16:41:49   tag: ImageDescription (270) - type: string (2) Tag Location: 22 - Data Location: 26 - value: b'{"applied_s236562": true}\x00'
2026-06-17 16:41:49   tag: Copyright (33432) - type: string (2) Tag Location: 22 - Data Location: 26 - value: b'Copyright 2013'
2026-06-17 16:41:50   tag: ImageDescription (270) - type: string (2) Tag Location: 22 - Data Location: 26 - value: b'{"applied_s236562": true}\x00'
2026-06-17 16:41:51   tag: Copyright (33432) - type: string (2) Tag Location: 22 - Data Location: 26 - value: b'Copyright 2013'
2026-06-17 16:41:51   tag: Copyright (33432) - type: string (2) Tag Location: 22 - Data Location: 26 - value: b'Copyright 2013'
2026-06-17 16:41:52   tag: ImageDescription (270) - type: string (2) Tag Location: 22 - Data Location: 26 - value: b'{"applied_s236562": true}\x00'
2026-06-17 16:41:53   tag: ImageDescription (270) - type: string (2) Tag Location: 22 - Data Location: 26 - value: b'{"applied_s236562": true}\x00'
2026-06-17 16:41:53   tag: ImageDescription (270) - type: string (2) Tag Location: 22 - Data Location: 26 - value: b'{"applied_s236562": true}\x00'
2026-06-17 16:41:53   tag: ImageDescription (270) - type: string (2) Tag Location: 22 - Data Location: 26 - value: b'{"applied_s236562": true}\x00'
2026-06-17 16:41:54   tag: ImageDescription (270) - type: string (2) Tag Location: 22 - Data Location: 26 - value: b'{"applied_s236562": true}\x00'
2026-06-17 16:41:57   tag: ImageDescription (270) - type: string (2) Tag Location: 22 - Data Location: 26 - value: b'{"applied_s236562": true}\x00'
2026-06-17 16:41:58   tag: ImageDescription (270) - type: string (2) Tag Location: 22 - Data Location: 26 - value: b'{"applied_s236562": true}\x00'
2026-06-17 16:41:58   tag: Copyright (33432) - type: string (2) Tag Location: 22 - Data Location: 26 - value: b'Copyright 2013'
2026-06-17 16:41:58   tag: ImageDescription (270) - type: string (2) Tag Location: 22 - Data Location: 26 - value: b'{"applied_s236562": true}\x00'
2026-06-17 16:41:59   tag: ImageDescription (270) - type: string (2) Tag Location: 22 - Data Location: 26 - value: b'{"applied_s236562": true}\x00'
2026-06-17 16:41:59   tag: Copyright (33432) - type: string (2) Tag Location: 22 - Data Location: 26 - value: b'Copyright 2013'
2026-06-17 16:42:00   tag: ImageDescription (270) - type: string (2) Tag Location: 22 - Data Location: 26 - value: b'{"applied_s236562": true}\x00'
2026-06-17 16:42:00   tag: ImageDescription (270) - type: string (2) Tag Location: 22 - Data Location: 26 - value: b'{"applied_s236562": true}\x00'
2026-06-17 16:42:01   tag: ImageDescription (270) - type: string (2) Tag Location: 22 - Data Location: 26 - value: b'{"applied_s236562": true}\x00'
2026-06-17 16:42:01   tag: Copyright (33432) - type: string (2) Tag Location: 22 - Data Location: 26 - value: b'Copyright 2013'
2026-06-17 16:42:02   tag: Copyright (33432) - type: string (2) Tag Location: 22 - Data Location: 26 - value: b'Copyright 2013'
2026-06-17 16:42:02   tag: ImageDescription (270) - type: string (2) Tag Location: 22 - Data Location: 26 - value: b'{"applied_s236562": true}\x00'
2026-06-17 16:42:02   tag: ImageDescription (270) - type: string (2) Tag Location: 22 - Data Location: 26 - value: b'{"applied_s236562": true}\x00'
2026-06-17 16:42:02   tag: ImageDescription (270) - type: string (2) Tag Location: 22 - Data Location: 26 - value: b'{"applied_s236562": true}\x00'
2026-06-17 16:42:03   tag: ImageDescription (270) - type: string (2) Tag Location: 22 - Data Location: 26 - value: b'{"applied_s236562": true}\x00'
2026-06-17 16:42:03   tag: Copyright (33432) - type: string (2) Tag Location: 22 - Data Location: 26 - value: b'Copyright 2013'
2026-06-17 16:42:03   tag: Copyright (33432) - type: string (2) Tag Location: 22 - Data Location: 26 - value: b'Copyright 2013'
2026-06-17 16:42:04   Importing JpegImagePlugin
2026-06-17 16:42:04   Importing JpegImagePlugin
2026-06-17 16:42:06   tag: ImageDescription (270) - type: string (2) Tag Location: 22 - Data Location: 26 - value: b'{"applied_s236562": true}\x00'
2026-06-17 16:42:06   tag: ImageDescription (270) - type: string (2) Tag Location: 22 - Data Location: 26 - value: b'{"applied_s236562": true}\x00'
2026-06-17 16:42:06   tag: Copyright (33432) - type: string (2) Tag Location: 22 - Data Location: 26 - value: b'Copyright 2013'
2026-06-17 16:42:06   tag: ImageDescription (270) - type: string (2) Tag Location: 22 - Data Location: 26 - value: b'{"applied_s236562": true}\x00'
2026-06-17 16:42:06   tag: Copyright (33432) - type: string (2) Tag Location: 22 - Data Location: 26 - value: b'Copyright 2013'
2026-06-17 16:42:06   tag: Copyright (33432) - type: string (2) Tag Location: 22 - Data Location: 26 - value: b'Copyright 2013'
2026-06-17 16:42:06   tag: ImageDescription (270) - type: string (2) Tag Location: 22 - Data Location: 26 - value: b'{"applied_s236562": true}\x00'
2026-06-17 16:42:06   tag: ImageDescription (270) - type: string (2) Tag Location: 22 - Data Location: 26 - value: b'{"applied_s236562": true}\x00'
2026-06-17 16:42:06   tag: ImageDescription (270) - type: string (2) Tag Location: 22 - Data Location: 26 - value: b'{"applied_s236562": true}\x00'
2026-06-17 16:42:06   tag: Copyright (33432) - type: string (2) Tag Location: 22 - Data Location: 26 - value: b'Copyright 2013'
2026-06-17 16:42:07   tag: Copyright (33432) - type: string (2) Tag Location: 22 - Data Location: 26 - value: b'Copyright 2013'
2026-06-17 16:42:08   tag: Copyright (33432) - type: string (2) Tag Location: 22 - Data Location: 26 - value: b'Copyright 2013'
2026-06-17 16:42:08   tag: Copyright (33432) - type: string (2) Tag Location: 22 - Data Location: 26 - value: b'Copyright 2013'
2026-06-17 16:42:08   tag: ImageDescription (270) - type: string (2) Tag Location: 22 - Data Location: 26 - value: b'{"applied_s236562": true}\x00'
2026-06-17 16:42:09   tag: Copyright (33432) - type: string (2) Tag Location: 22 - Data Location: 26 - value: b'Copyright 2013'
2026-06-17 16:42:09   tag: Copyright (33432) - type: string (2) Tag Location: 22 - Data Location: 26 - value: b'Copyright 2013'
2026-06-17 16:42:09   tag: ImageDescription (270) - type: string (2) Tag Location: 22 - Data Location: 26 - value: b'{"applied_s236562": true}\x00'
2026-06-17 16:42:10   tag: Copyright (33432) - type: string (2) Tag Location: 22 - Data Location: 26 - value: b'Copyright 2013'
2026-06-17 16:42:10   tag: ImageDescription (270) - type: string (2) Tag Location: 22 - Data Location: 26 - value: b'{"applied_s236562": true}\x00'
2026-06-17 16:42:11   tag: ImageDescription (270) - type: string (2) Tag Location: 22 - Data Location: 26 - value: b'{"applied_s236562": true}\x00'
2026-06-17 16:42:11   tag: ImageDescription (270) - type: string (2) Tag Location: 22 - Data Location: 26 - value: b'{"applied_s236562": true}\x00'
2026-06-17 16:42:12   tag: ImageDescription (270) - type: string (2) Tag Location: 22 - Data Location: 26 - value: b'{"applied_s236562": true}\x00'
2026-06-17 16:42:13   tag: Copyright (33432) - type: string (2) Tag Location: 22 - Data Location: 26 - value: b'Copyright 2013'
2026-06-17 16:42:14   tag: ImageDescription (270) - type: string (2) Tag Location: 22 - Data Location: 26 - value: b'{"applied_s236562": true}\x00'
2026-06-17 16:42:14   tag: Copyright (33432) - type: string (2) Tag Location: 22 - Data Location: 26 - value: b'Copyright 2013'
2026-06-17 16:42:14   tag: ImageDescription (270) - type: string (2) Tag Location: 22 - Data Location: 26 - value: b'{"applied_s236562": true}\x00'
2026-06-17 16:42:15   tag: ImageDescription (270) - type: string (2) Tag Location: 22 - Data Location: 26 - value: b'{"applied_s236562": true}\x00'
2026-06-17 16:42:15   tag: ImageDescription (270) - type: string (2) Tag Location: 22 - Data Location: 26 - value: b'{"applied_s236562": true}\x00'
2026-06-17 16:42:15   tag: ImageDescription (270) - type: string (2) Tag Location: 22 - Data Location: 26 - value: b'{"applied_s236562": true}\x00'
2026-06-17 16:42:16   tag: ImageDescription (270) - type: string (2) Tag Location: 22 - Data Location: 26 - value: b'{"applied_s236562": true}\x00'
2026-06-17 16:42:16   tag: Copyright (33432) - type: string (2) Tag Location: 22 - Data Location: 26 - value: b'Copyright 2013'
2026-06-17 16:42:16   tag: ImageDescription (270) - type: string (2) Tag Location: 22 - Data Location: 26 - value: b'{"applied_s236562": true}\x00'
2026-06-17 16:42:17   tag: Copyright (33432) - type: string (2) Tag Location: 22 - Data Location: 26 - value: b'Copyright 2013'
2026-06-17 16:42:17   tag: Copyright (33432) - type: string (2) Tag Location: 22 - Data Location: 26 - value: b'Copyright 2013'
2026-06-17 16:42:18   tag: ImageDescription (270) - type: string (2) Tag Location: 22 - Data Location: 26 - value: b'{"applied_s236562": true}\x00'
2026-06-17 16:42:19   tag: ImageDescription (270) - type: string (2) Tag Location: 22 - Data Location: 26 - value: b'{"applied_s236562": true}\x00'
2026-06-17 16:42:19   tag: ImageDescription (270) - type: string (2) Tag Location: 22 - Data Location: 26 - value: b'{"applied_s236562": true}\x00'
2026-06-17 16:42:19   tag: Copyright (33432) - type: string (2) Tag Location: 22 - Data Location: 26 - value: b'Copyright 2013'
2026-06-17 16:42:19   tag: ImageDescription (270) - type: string (2) Tag Location: 22 - Data Location: 26 - value: b'{"applied_s236562": true}\x00'
2026-06-17 16:42:20   tag: ImageDescription (270) - type: string (2) Tag Location: 22 - Data Location: 26 - value: b'{"applied_s236562": true}\x00'
2026-06-17 16:42:20   tag: ImageDescription (270) - type: string (2) Tag Location: 22 - Data Location: 26 - value: b'{"applied_s236562": true}\x00'
2026-06-17 16:42:21   tag: ImageDescription (270) - type: string (2) Tag Location: 22 - Data Location: 26 - value: b'{"applied_s236562": true}\x00'
2026-06-17 16:42:21   tag: Copyright (33432) - type: string (2) Tag Location: 22 - Data Location: 26 - value: b'Copyright 2013'
2026-06-17 16:42:21   tag: Copyright (33432) - type: string (2) Tag Location: 22 - Data Location: 26 - value: b'Copyright 2013'
2026-06-17 16:42:22   tag: ImageDescription (270) - type: string (2) Tag Location: 22 - Data Location: 26 - value: b'{"applied_s236562": true}\x00'
2026-06-17 16:42:22   tag: ImageDescription (270) - type: string (2) Tag Location: 22 - Data Location: 26 - value: b'{"applied_s236562": true}\x00'
2026-06-17 16:42:22   tag: ImageDescription (270) - type: string (2) Tag Location: 22 - Data Location: 26 - value: b'{"applied_s236562": true}\x00'
2026-06-17 16:42:23   tag: ImageDescription (270) - type: string (2) Tag Location: 22 - Data Location: 26 - value: b'{"applied_s236562": true}\x00'
2026-06-17 16:42:23   tag: ImageDescription (270) - type: string (2) Tag Location: 22 - Data Location: 26 - value: b'{"applied_s236562": true}\x00'
2026-06-17 16:42:23   tag: ImageDescription (270) - type: string (2) Tag Location: 22 - Data Location: 26 - value: b'{"applied_s236562": true}\x00'
2026-06-17 16:42:24   tag: Copyright (33432) - type: string (2) Tag Location: 22 - Data Location: 26 - value: b'Copyright 2013'
2026-06-17 16:42:24   tag: Copyright (33432) - type: string (2) Tag Location: 22 - Data Location: 26 - value: b'Copyright 2013'
2026-06-17 16:42:24   tag: Copyright (33432) - type: string (2) Tag Location: 22 - Data Location: 26 - value: b'Copyright 2013'
2026-06-17 16:42:24   tag: ImageDescription (270) - type: string (2) Tag Location: 22 - Data Location: 26 - value: b'{"applied_s236562": true}\x00'
2026-06-17 16:42:25   tag: Copyright (33432) - type: string (2) Tag Location: 22 - Data Location: 26 - value: b'Copyright 2013'
2026-06-17 16:42:25   tag: Copyright (33432) - type: string (2) Tag Location: 22 - Data Location: 26 - value: b'Copyright 2013'
2026-06-17 16:42:25   tag: Copyright (33432) - type: string (2) Tag Location: 22 - Data Location: 26 - value: b'Copyright 2013'
2026-06-17 16:42:25   tag: ImageDescription (270) - type: string (2) Tag Location: 22 - Data Location: 26 - value: b'{"applied_s236562": true}\x00'
2026-06-17 16:42:25   tag: ImageDescription (270) - type: string (2) Tag Location: 22 - Data Location: 26 - value: b'{"applied_s236562": true}\x00'
2026-06-17 16:42:25   tag: ImageDescription (270) - type: string (2) Tag Location: 22 - Data Location: 26 - value: b'{"applied_s236562": true}\x00'
2026-06-17 16:42:25   tag: ImageDescription (270) - type: string (2) Tag Location: 22 - Data Location: 26 - value: b'{"applied_s236562": true}\x00'
2026-06-17 16:42:27   tag: ImageDescription (270) - type: string (2) Tag Location: 22 - Data Location: 26 - value: b'{"applied_s236562": true}\x00'
2026-06-17 16:42:28   tag: Copyright (33432) - type: string (2) Tag Location: 22 - Data Location: 26 - value: b'Copyright 2013'
2026-06-17 16:42:28   tag: ImageDescription (270) - type: string (2) Tag Location: 22 - Data Location: 26 - value: b'{"applied_s236562": true}\x00'
2026-06-17 16:42:28   tag: Copyright (33432) - type: string (2) Tag Location: 22 - Data Location: 26 - value: b'Copyright 2013'
2026-06-17 16:42:28   tag: Copyright (33432) - type: string (2) Tag Location: 22 - Data Location: 26 - value: b'Copyright 2013'
2026-06-17 16:42:29   tag: ImageDescription (270) - type: string (2) Tag Location: 22 - Data Location: 26 - value: b'{"applied_s236562": true}\x00'
2026-06-17 16:42:29   tag: ImageDescription (270) - type: string (2) Tag Location: 22 - Data Location: 26 - value: b'{"applied_s236562": true}\x00'
2026-06-17 16:42:30   tag: ImageDescription (270) - type: string (2) Tag Location: 22 - Data Location: 26 - value: b'{"applied_s236562": true}\x00'
2026-06-17 16:42:30   tag: ImageDescription (270) - type: string (2) Tag Location: 22 - Data Location: 26 - value: b'{"applied_s236562": true}\x00'
2026-06-17 16:42:30   tag: ImageDescription (270) - type: string (2) Tag Location: 22 - Data Location: 26 - value: b'{"applied_s236562": true}\x00'
2026-06-17 16:42:31   tag: ImageDescription (270) - type: string (2) Tag Location: 22 - Data Location: 26 - value: b'{"applied_s236562": true}\x00'
2026-06-17 16:42:32   tag: ImageDescription (270) - type: string (2) Tag Location: 22 - Data Location: 26 - value: b'{"applied_s236562": true}\x00'
2026-06-17 16:42:33   Importing JpegImagePlugin
2026-06-17 16:42:33   Importing JpegImagePlugin
2026-06-17 16:42:33   tag: ImageDescription (270) - type: string (2) Tag Location: 22 - Data Location: 26 - value: b'{"applied_s236562": true}\x00'
2026-06-17 16:42:33   tag: ImageDescription (270) - type: string (2) Tag Location: 22 - Data Location: 26 - value: b'{"applied_s236562": true}\x00'
2026-06-17 16:42:33   tag: Copyright (33432) - type: string (2) Tag Location: 22 - Data Location: 26 - value: b'Copyright 2013'
2026-06-17 16:42:34   tag: Copyright (33432) - type: string (2) Tag Location: 22 - Data Location: 26 - value: b'Copyright 2013'
2026-06-17 16:42:34   tag: ImageDescription (270) - type: string (2) Tag Location: 22 - Data Location: 26 - value: b'{"applied_s236562": true}\x00'
2026-06-17 16:42:34   tag: ImageDescription (270) - type: string (2) Tag Location: 22 - Data Location: 26 - value: b'{"applied_s236562": true}\x00'
2026-06-17 16:42:35   tag: ImageDescription (270) - type: string (2) Tag Location: 22 - Data Location: 26 - value: b'{"applied_s236562": true}\x00'
2026-06-17 16:42:35   tag: ImageDescription (270) - type: string (2) Tag Location: 22 - Data Location: 26 - value: b'{"applied_s236562": true}\x00'
2026-06-17 16:42:36   tag: ImageDescription (270) - type: string (2) Tag Location: 22 - Data Location: 26 - value: b'{"applied_s236562": true}\x00'
2026-06-17 16:42:36   tag: ImageDescription (270) - type: string (2) Tag Location: 22 - Data Location: 26 - value: b'{"applied_s236562": true}\x00'
2026-06-17 16:42:37   tag: Copyright (33432) - type: string (2) Tag Location: 22 - Data Location: 26 - value: b'Copyright 2013'
2026-06-17 16:42:38   tag: ImageDescription (270) - type: string (2) Tag Location: 22 - Data Location: 26 - value: b'{"applied_s236562": true}\x00'
2026-06-17 16:42:38   tag: ImageDescription (270) - type: string (2) Tag Location: 22 - Data Location: 26 - value: b'{"applied_s236562": true}\x00'
2026-06-17 16:42:40   tag: ImageDescription (270) - type: string (2) Tag Location: 22 - Data Location: 26 - value: b'{"applied_s236562": true}\x00'
2026-06-17 16:42:41   tag: ImageDescription (270) - type: string (2) Tag Location: 22 - Data Location: 26 - value: b'{"applied_s236562": true}\x00'
2026-06-17 16:42:41   tag: ImageDescription (270) - type: string (2) Tag Location: 22 - Data Location: 26 - value: b'{"applied_s236562": true}\x00'
2026-06-17 16:42:41   tag: ImageDescription (270) - type: string (2) Tag Location: 22 - Data Location: 26 - value: b'{"applied_s236562": true}\x00'
2026-06-17 16:42:41   tag: Copyright (33432) - type: string (2) Tag Location: 22 - Data Location: 26 - value: b'Copyright 2013'
2026-06-17 16:42:41   tag: Copyright (33432) - type: string (2) Tag Location: 22 - Data Location: 26 - value: b'Copyright 2013'
2026-06-17 16:42:41   tag: ImageDescription (270) - type: string (2) Tag Location: 22 - Data Location: 26 - value: b'{"applied_s236562": true}\x00'
2026-06-17 16:42:42   tag: ImageDescription (270) - type: string (2) Tag Location: 22 - Data Location: 26 - value: b'{"applied_s236562": true}\x00'
2026-06-17 16:42:42   tag: ImageDescription (270) - type: string (2) Tag Location: 22 - Data Location: 26 - value: b'{"applied_s236562": true}\x00'
2026-06-17 16:42:42   tag: ImageDescription (270) - type: string (2) Tag Location: 22 - Data Location: 26 - value: b'{"applied_s236562": true}\x00'
2026-06-17 16:42:43   tag: ImageDescription (270) - type: string (2) Tag Location: 22 - Data Location: 26 - value: b'{"applied_s236562": true}\x00'
2026-06-17 16:42:45   tag: ImageDescription (270) - type: string (2) Tag Location: 22 - Data Location: 26 - value: b'{"applied_s236562": true}\x00'
2026-06-17 16:42:45   tag: ImageDescription (270) - type: string (2) Tag Location: 22 - Data Location: 26 - value: b'{"applied_s236562": true}\x00'
2026-06-17 16:42:46   tag: ImageDescription (270) - type: string (2) Tag Location: 22 - Data Location: 26 - value: b'{"applied_s236562": true}\x00'
2026-06-17 16:42:46   tag: ImageDescription (270) - type: string (2) Tag Location: 22 - Data Location: 26 - value: b'{"applied_s236562": true}\x00'
2026-06-17 16:42:46   tag: Copyright (33432) - type: string (2) Tag Location: 22 - Data Location: 26 - value: b'Copyright 2013'
2026-06-17 16:42:46   tag: ImageDescription (270) - type: string (2) Tag Location: 22 - Data Location: 26 - value: b'{"applied_s236562": true}\x00'
2026-06-17 16:42:46   tag: Copyright (33432) - type: string (2) Tag Location: 22 - Data Location: 26 - value: b'Copyright 2013'
2026-06-17 16:42:46   tag: Copyright (33432) - type: string (2) Tag Location: 22 - Data Location: 26 - value: b'Copyright 2013'
2026-06-17 16:42:46   tag: Copyright (33432) - type: string (2) Tag Location: 22 - Data Location: 26 - value: b'Copyright 2013'
2026-06-17 16:42:47   tag: Copyright (33432) - type: string (2) Tag Location: 22 - Data Location: 26 - value: b'Copyright 2013'
2026-06-17 16:42:48   tag: Copyright (33432) - type: string (2) Tag Location: 22 - Data Location: 26 - value: b'Copyright 2013'
2026-06-17 16:42:49   tag: ImageDescription (270) - type: string (2) Tag Location: 22 - Data Location: 26 - value: b'{"applied_s236562": true}\x00'
2026-06-17 16:42:49   tag: Copyright (33432) - type: string (2) Tag Location: 22 - Data Location: 26 - value: b'Copyright 2013'
2026-06-17 16:42:49   tag: ImageDescription (270) - type: string (2) Tag Location: 22 - Data Location: 26 - value: b'{"applied_s236562": true}\x00'
2026-06-17 16:42:51   tag: ImageDescription (270) - type: string (2) Tag Location: 22 - Data Location: 26 - value: b'{"applied_s236562": true}\x00'
2026-06-17 16:42:52   tag: ImageDescription (270) - type: string (2) Tag Location: 22 - Data Location: 26 - value: b'{"applied_s236562": true}\x00'
2026-06-17 16:42:52   tag: ImageDescription (270) - type: string (2) Tag Location: 22 - Data Location: 26 - value: b'{"applied_s236562": true}\x00'
2026-06-17 16:42:52   tag: Copyright (33432) - type: string (2) Tag Location: 22 - Data Location: 26 - value: b'Copyright 2013'
2026-06-17 16:42:52   tag: Copyright (33432) - type: string (2) Tag Location: 22 - Data Location: 26 - value: b'Copyright 2013'
2026-06-17 16:42:54   tag: Copyright (33432) - type: string (2) Tag Location: 22 - Data Location: 26 - value: b'Copyright 2013'
2026-06-17 16:42:54   tag: Copyright (33432) - type: string (2) Tag Location: 22 - Data Location: 26 - value: b'Copyright 2013'
2026-06-17 16:42:54   tag: ImageDescription (270) - type: string (2) Tag Location: 22 - Data Location: 26 - value: b'{"applied_s236562": true}\x00'
2026-06-17 16:42:54   tag: ImageDescription (270) - type: string (2) Tag Location: 22 - Data Location: 26 - value: b'{"applied_s236562": true}\x00'
2026-06-17 16:42:54   tag: Copyright (33432) - type: string (2) Tag Location: 22 - Data Location: 26 - value: b'Copyright 2013'
2026-06-17 16:42:54   tag: Copyright (33432) - type: string (2) Tag Location: 22 - Data Location: 26 - value: b'Copyright 2013'
2026-06-17 16:42:54   tag: ImageDescription (270) - type: string (2) Tag Location: 22 - Data Location: 26 - value: b'{"applied_s236562": true}\x00'
2026-06-17 16:42:54   tag: ImageDescription (270) - type: string (2) Tag Location: 22 - Data Location: 26 - value: b'{"applied_s236562": true}\x00'
2026-06-17 16:42:54   tag: ImageDescription (270) - type: string (2) Tag Location: 22 - Data Location: 26 - value: b'{"applied_s236562": true}\x00'
2026-06-17 16:42:55   tag: ImageDescription (270) - type: string (2) Tag Location: 22 - Data Location: 26 - value: b'{"applied_s236562": true}\x00'
2026-06-17 16:42:56   tag: ImageDescription (270) - type: string (2) Tag Location: 22 - Data Location: 26 - value: b'{"applied_s236562": true}\x00'
2026-06-17 16:42:56   tag: ImageDescription (270) - type: string (2) Tag Location: 22 - Data Location: 26 - value: b'{"applied_s236562": true}\x00'
2026-06-17 16:42:56   tag: ImageDescription (270) - type: string (2) Tag Location: 22 - Data Location: 26 - value: b'{"applied_s236562": true}\x00'
2026-06-17 16:42:56   tag: ImageDescription (270) - type: string (2) Tag Location: 22 - Data Location: 26 - value: b'{"applied_s236562": true}\x00'
2026-06-17 16:42:56   tag: Copyright (33432) - type: string (2) Tag Location: 22 - Data Location: 26 - value: b'Copyright 2013'
2026-06-17 16:42:57   tag: ImageDescription (270) - type: string (2) Tag Location: 22 - Data Location: 26 - value: b'{"applied_s236562": true}\x00'
2026-06-17 16:42:57   tag: ImageDescription (270) - type: string (2) Tag Location: 22 - Data Location: 26 - value: b'{"applied_s236562": true}\x00'
2026-06-17 16:42:57   tag: Copyright (33432) - type: string (2) Tag Location: 22 - Data Location: 26 - value: b'Copyright 2013'
2026-06-17 16:42:57   tag: ImageDescription (270) - type: string (2) Tag Location: 22 - Data Location: 26 - value: b'{"applied_s236562": true}\x00'
2026-06-17 16:42:57   tag: Copyright (33432) - type: string (2) Tag Location: 22 - Data Location: 26 - value: b'Copyright 2013'
2026-06-17 16:42:58   tag: ImageDescription (270) - type: string (2) Tag Location: 22 - Data Location: 26 - value: b'{"applied_s236562": true}\x00'
2026-06-17 16:42:58   tag: ImageDescription (270) - type: string (2) Tag Location: 22 - Data Location: 26 - value: b'{"applied_s236562": true}\x00'
2026-06-17 16:42:59   tag: ImageDescription (270) - type: string (2) Tag Location: 22 - Data Location: 26 - value: b'{"applied_s236562": true}\x00'
2026-06-17 16:42:59   tag: Copyright (33432) - type: string (2) Tag Location: 22 - Data Location: 26 - value: b'Copyright 2013'
2026-06-17 16:42:59   tag: ImageDescription (270) - type: string (2) Tag Location: 22 - Data Location: 26 - value: b'{"applied_s236562": true}\x00'
2026-06-17 16:43:00   Importing JpegImagePlugin
2026-06-17 16:43:00   Importing JpegImagePlugin
2026-06-17 16:43:01   tag: ImageDescription (270) - type: string (2) Tag Location: 22 - Data Location: 26 - value: b'{"applied_s236562": true}\x00'
2026-06-17 16:43:02   tag: Copyright (33432) - type: string (2) Tag Location: 22 - Data Location: 26 - value: b'Copyright 2013'
2026-06-17 16:43:02   tag: ImageDescription (270) - type: string (2) Tag Location: 22 - Data Location: 26 - value: b'{"applied_s236562": true}\x00'
2026-06-17 16:43:02   tag: Copyright (33432) - type: string (2) Tag Location: 22 - Data Location: 26 - value: b'Copyright 2013'
2026-06-17 16:43:03   tag: ImageDescription (270) - type: string (2) Tag Location: 22 - Data Location: 26 - value: b'{"applied_s236562": true}\x00'
2026-06-17 16:43:04   tag: ImageDescription (270) - type: string (2) Tag Location: 22 - Data Location: 26 - value: b'{"applied_s236562": true}\x00'
2026-06-17 16:43:05   tag: ImageDescription (270) - type: string (2) Tag Location: 22 - Data Location: 26 - value: b'{"applied_s236562": true}\x00'
2026-06-17 16:43:05   tag: ImageDescription (270) - type: string (2) Tag Location: 22 - Data Location: 26 - value: b'{"applied_s236562": true}\x00'
2026-06-17 16:43:07   tag: Copyright (33432) - type: string (2) Tag Location: 22 - Data Location: 26 - value: b'Copyright 2013'
2026-06-17 16:43:07   tag: ImageDescription (270) - type: string (2) Tag Location: 22 - Data Location: 26 - value: b'{"applied_s236562": true}\x00'
2026-06-17 16:43:07   tag: ImageDescription (270) - type: string (2) Tag Location: 22 - Data Location: 26 - value: b'{"applied_s236562": true}\x00'
2026-06-17 16:43:07   tag: ImageDescription (270) - type: string (2) Tag Location: 22 - Data Location: 26 - value: b'{"applied_s236562": true}\x00'
2026-06-17 16:43:08   tag: ImageDescription (270) - type: string (2) Tag Location: 22 - Data Location: 26 - value: b'{"applied_s236562": true}\x00'
2026-06-17 16:43:08   tag: Copyright (33432) - type: string (2) Tag Location: 22 - Data Location: 26 - value: b'Copyright 2013'
2026-06-17 16:43:08   tag: Copyright (33432) - type: string (2) Tag Location: 22 - Data Location: 26 - value: b'Copyright 2013'
2026-06-17 16:43:09   tag: ImageDescription (270) - type: string (2) Tag Location: 22 - Data Location: 26 - value: b'{"applied_s236562": true}\x00'
2026-06-17 16:43:09   tag: ImageDescription (270) - type: string (2) Tag Location: 22 - Data Location: 26 - value: b'{"applied_s236562": true}\x00'
2026-06-17 16:43:10   tag: Copyright (33432) - type: string (2) Tag Location: 22 - Data Location: 26 - value: b'Copyright 2013'
2026-06-17 16:43:10   tag: Copyright (33432) - type: string (2) Tag Location: 22 - Data Location: 26 - value: b'Copyright 2013'
2026-06-17 16:43:10   tag: Copyright (33432) - type: string (2) Tag Location: 22 - Data Location: 26 - value: b'Copyright 2013'
2026-06-17 16:43:10   tag: Copyright (33432) - type: string (2) Tag Location: 22 - Data Location: 26 - value: b'Copyright 2013'
2026-06-17 16:43:10   tag: ImageDescription (270) - type: string (2) Tag Location: 22 - Data Location: 26 - value: b'{"applied_s236562": true}\x00'
2026-06-17 16:43:11   tag: ImageDescription (270) - type: string (2) Tag Location: 22 - Data Location: 26 - value: b'{"applied_s236562": true}\x00'
2026-06-17 16:43:11   tag: Copyright (33432) - type: string (2) Tag Location: 22 - Data Location: 26 - value: b'Copyright 2013'
2026-06-17 16:43:11   tag: ImageDescription (270) - type: string (2) Tag Location: 22 - Data Location: 26 - value: b'{"applied_s236562": true}\x00'
2026-06-17 16:43:11   tag: Copyright (33432) - type: string (2) Tag Location: 22 - Data Location: 26 - value: b'Copyright 2013'
2026-06-17 16:43:12   tag: Copyright (33432) - type: string (2) Tag Location: 22 - Data Location: 26 - value: b'Copyright 2013'
2026-06-17 16:43:12   tag: Copyright (33432) - type: string (2) Tag Location: 22 - Data Location: 26 - value: b'Copyright 2013'
2026-06-17 16:43:13   tag: ImageDescription (270) - type: string (2) Tag Location: 22 - Data Location: 26 - value: b'{"applied_s236562": true}\x00'
2026-06-17 16:43:13   tag: ImageDescription (270) - type: string (2) Tag Location: 22 - Data Location: 26 - value: b'{"applied_s236562": true}\x00'
2026-06-17 16:43:13   tag: ImageDescription (270) - type: string (2) Tag Location: 22 - Data Location: 26 - value: b'{"applied_s236562": true}\x00'
2026-06-17 16:43:14   tag: ImageDescription (270) - type: string (2) Tag Location: 22 - Data Location: 26 - value: b'{"applied_s236562": true}\x00'
2026-06-17 16:43:14   tag: ImageDescription (270) - type: string (2) Tag Location: 22 - Data Location: 26 - value: b'{"applied_s236562": true}\x00'
2026-06-17 16:43:15   tag: ImageDescription (270) - type: string (2) Tag Location: 22 - Data Location: 26 - value: b'{"applied_s236562": true}\x00'
2026-06-17 16:43:16   tag: ImageDescription (270) - type: string (2) Tag Location: 22 - Data Location: 26 - value: b'{"applied_s236562": true}\x00'
2026-06-17 16:43:18   tag: ImageDescription (270) - type: string (2) Tag Location: 22 - Data Location: 26 - value: b'{"applied_s236562": true}\x00'
2026-06-17 16:43:18   tag: ImageDescription (270) - type: string (2) Tag Location: 22 - Data Location: 26 - value: b'{"applied_s236562": true}\x00'
2026-06-17 16:43:19   tag: Copyright (33432) - type: string (2) Tag Location: 22 - Data Location: 26 - value: b'Copyright 2013'
2026-06-17 16:43:19   tag: Copyright (33432) - type: string (2) Tag Location: 22 - Data Location: 26 - value: b'Copyright 2013'
2026-06-17 16:43:19   tag: ImageDescription (270) - type: string (2) Tag Location: 22 - Data Location: 26 - value: b'{"applied_s236562": true}\x00'
2026-06-17 16:43:20   tag: ImageDescription (270) - type: string (2) Tag Location: 22 - Data Location: 26 - value: b'{"applied_s236562": true}\x00'
2026-06-17 16:43:20   tag: ImageDescription (270) - type: string (2) Tag Location: 22 - Data Location: 26 - value: b'{"applied_s236562": true}\x00'
2026-06-17 16:43:20   tag: Copyright (33432) - type: string (2) Tag Location: 22 - Data Location: 26 - value: b'Copyright 2013'
2026-06-17 16:43:20   tag: Copyright (33432) - type: string (2) Tag Location: 22 - Data Location: 26 - value: b'Copyright 2013'
2026-06-17 16:43:20   tag: ImageDescription (270) - type: string (2) Tag Location: 22 - Data Location: 26 - value: b'{"applied_s236562": true}\x00'
2026-06-17 16:43:20   tag: Copyright (33432) - type: string (2) Tag Location: 22 - Data Location: 26 - value: b'Copyright 2013'
2026-06-17 16:43:20   tag: Copyright (33432) - type: string (2) Tag Location: 22 - Data Location: 26 - value: b'Copyright 2013'
2026-06-17 16:43:21   tag: ImageDescription (270) - type: string (2) Tag Location: 22 - Data Location: 26 - value: b'{"applied_s236562": true}\x00'
2026-06-17 16:43:21   tag: ImageDescription (270) - type: string (2) Tag Location: 22 - Data Location: 26 - value: b'{"applied_s236562": true}\x00'
2026-06-17 16:43:22   tag: ImageDescription (270) - type: string (2) Tag Location: 22 - Data Location: 26 - value: b'{"applied_s236562": true}\x00'
2026-06-17 16:43:22   tag: ImageDescription (270) - type: string (2) Tag Location: 22 - Data Location: 26 - value: b'{"applied_s236562": true}\x00'
2026-06-17 16:43:22   tag: ImageDescription (270) - type: string (2) Tag Location: 22 - Data Location: 26 - value: b'{"applied_s236562": true}\x00'
2026-06-17 16:43:22   tag: ImageDescription (270) - type: string (2) Tag Location: 22 - Data Location: 26 - value: b'{"applied_s236562": true}\x00'
2026-06-17 16:43:23   tag: ImageDescription (270) - type: string (2) Tag Location: 22 - Data Location: 26 - value: b'{"applied_s236562": true}\x00'
2026-06-17 16:43:23   tag: ImageDescription (270) - type: string (2) Tag Location: 22 - Data Location: 26 - value: b'{"applied_s236562": true}\x00'
2026-06-17 16:43:23   tag: ImageDescription (270) - type: string (2) Tag Location: 22 - Data Location: 26 - value: b'{"applied_s236562": true}\x00'
2026-06-17 16:43:23   tag: ImageDescription (270) - type: string (2) Tag Location: 22 - Data Location: 26 - value: b'{"applied_s236562": true}\x00'
2026-06-17 16:43:23   tag: Copyright (33432) - type: string (2) Tag Location: 22 - Data Location: 26 - value: b'Copyright 2013'
2026-06-17 16:43:24   tag: Copyright (33432) - type: string (2) Tag Location: 22 - Data Location: 26 - value: b'Copyright 2013'
2026-06-17 16:43:25   tag: ImageDescription (270) - type: string (2) Tag Location: 22 - Data Location: 26 - value: b'{"applied_s236562": true}\x00'
2026-06-17 16:43:25   tag: Copyright (33432) - type: string (2) Tag Location: 22 - Data Location: 26 - value: b'Copyright 2013'
2026-06-17 16:43:25   tag: Copyright (33432) - type: string (2) Tag Location: 22 - Data Location: 26 - value: b'Copyright 2013'
2026-06-17 16:43:25   tag: ImageDescription (270) - type: string (2) Tag Location: 22 - Data Location: 26 - value: b'{"applied_s236562": true}\x00'
2026-06-17 16:43:25   tag: Copyright (33432) - type: string (2) Tag Location: 22 - Data Location: 26 - value: b'Copyright 2013'
2026-06-17 16:43:25   tag: Copyright (33432) - type: string (2) Tag Location: 22 - Data Location: 26 - value: b'Copyright 2013'
2026-06-17 16:43:26   tag: ImageDescription (270) - type: string (2) Tag Location: 22 - Data Location: 26 - value: b'{"applied_s236562": true}\x00'
2026-06-17 16:43:26   tag: ImageDescription (270) - type: string (2) Tag Location: 22 - Data Location: 26 - value: b'{"applied_s236562": true}\x00'
2026-06-17 16:43:26   tag: Copyright (33432) - type: string (2) Tag Location: 22 - Data Location: 26 - value: b'Copyright 2013'
2026-06-17 16:43:26   tag: Copyright (33432) - type: string (2) Tag Location: 22 - Data Location: 26 - value: b'Copyright 2013'
2026-06-17 16:43:27   tag: Copyright (33432) - type: string (2) Tag Location: 22 - Data Location: 26 - value: b'Copyright 2013'
2026-06-17 16:43:27   tag: Copyright (33432) - type: string (2) Tag Location: 22 - Data Location: 26 - value: b'Copyright 2013'
2026-06-17 16:43:27   tag: ImageDescription (270) - type: string (2) Tag Location: 22 - Data Location: 26 - value: b'{"applied_s236562": true}\x00'
2026-06-17 16:43:28   tag: Copyright (33432) - type: string (2) Tag Location: 22 - Data Location: 26 - value: b'Copyright 2013'
2026-06-17 16:43:28   Importing JpegImagePlugin
2026-06-17 16:43:28   Importing JpegImagePlugin
2026-06-17 16:43:29   tag: ImageDescription (270) - type: string (2) Tag Location: 22 - Data Location: 26 - value: b'{"applied_s236562": true}\x00'
2026-06-17 16:43:30   tag: ImageDescription (270) - type: string (2) Tag Location: 22 - Data Location: 26 - value: b'{"applied_s236562": true}\x00'
2026-06-17 16:43:30   tag: ImageDescription (270) - type: string (2) Tag Location: 22 - Data Location: 26 - value: b'{"applied_s236562": true}\x00'
2026-06-17 16:43:30   tag: ImageDescription (270) - type: string (2) Tag Location: 22 - Data Location: 26 - value: b'{"applied_s236562": true}\x00'
2026-06-17 16:43:30   tag: Copyright (33432) - type: string (2) Tag Location: 22 - Data Location: 26 - value: b'Copyright 2013'
2026-06-17 16:43:31   tag: ImageDescription (270) - type: string (2) Tag Location: 22 - Data Location: 26 - value: b'{"applied_s236562": true}\x00'
2026-06-17 16:43:31   tag: Copyright (33432) - type: string (2) Tag Location: 22 - Data Location: 26 - value: b'Copyright 2013'
2026-06-17 16:43:31   tag: Copyright (33432) - type: string (2) Tag Location: 22 - Data Location: 26 - value: b'Copyright 2013'
2026-06-17 16:43:31   tag: Copyright (33432) - type: string (2) Tag Location: 22 - Data Location: 26 - value: b'Copyright 2013'
2026-06-17 16:43:31   tag: ImageDescription (270) - type: string (2) Tag Location: 22 - Data Location: 26 - value: b'{"applied_s236562": true}\x00'
2026-06-17 16:43:32   tag: ImageDescription (270) - type: string (2) Tag Location: 22 - Data Location: 26 - value: b'{"applied_s236562": true}\x00'
2026-06-17 16:43:34   tag: Copyright (33432) - type: string (2) Tag Location: 22 - Data Location: 26 - value: b'Copyright 2013'
2026-06-17 16:43:34   tag: Copyright (33432) - type: string (2) Tag Location: 22 - Data Location: 26 - value: b'Copyright 2013'
2026-06-17 16:43:34   tag: ImageDescription (270) - type: string (2) Tag Location: 22 - Data Location: 26 - value: b'{"applied_s236562": true}\x00'
2026-06-17 16:43:36   tag: Copyright (33432) - type: string (2) Tag Location: 22 - Data Location: 26 - value: b'Copyright 2013'
2026-06-17 16:43:36   tag: ImageDescription (270) - type: string (2) Tag Location: 22 - Data Location: 26 - value: b'{"applied_s236562": true}\x00'
2026-06-17 16:43:37   tag: Copyright (33432) - type: string (2) Tag Location: 22 - Data Location: 26 - value: b'Copyright 2013'
2026-06-17 16:43:37   tag: ImageDescription (270) - type: string (2) Tag Location: 22 - Data Location: 26 - value: b'{"applied_s236562": true}\x00'
2026-06-17 16:43:37   tag: ImageDescription (270) - type: string (2) Tag Location: 22 - Data Location: 26 - value: b'{"applied_s236562": true}\x00'
2026-06-17 16:43:39   tag: ImageDescription (270) - type: string (2) Tag Location: 22 - Data Location: 26 - value: b'{"applied_s236562": true}\x00'
2026-06-17 16:43:39   tag: ImageDescription (270) - type: string (2) Tag Location: 22 - Data Location: 26 - value: b'{"applied_s236562": true}\x00'
2026-06-17 16:43:39   tag: Copyright (33432) - type: string (2) Tag Location: 22 - Data Location: 26 - value: b'Copyright 2013'
2026-06-17 16:43:39   tag: ImageDescription (270) - type: string (2) Tag Location: 22 - Data Location: 26 - value: b'{"applied_s236562": true}\x00'
2026-06-17 16:43:41   tag: ImageDescription (270) - type: string (2) Tag Location: 22 - Data Location: 26 - value: b'{"applied_s236562": true}\x00'
2026-06-17 16:43:42   tag: ImageDescription (270) - type: string (2) Tag Location: 22 - Data Location: 26 - value: b'{"applied_s236562": true}\x00'
2026-06-17 16:43:42   tag: ImageDescription (270) - type: string (2) Tag Location: 22 - Data Location: 26 - value: b'{"applied_s236562": true}\x00'
2026-06-17 16:43:42   tag: ImageDescription (270) - type: string (2) Tag Location: 22 - Data Location: 26 - value: b'{"applied_s236562": true}\x00'
2026-06-17 16:43:42   tag: Copyright (33432) - type: string (2) Tag Location: 22 - Data Location: 26 - value: b'Copyright 2013'
2026-06-17 16:43:42   tag: Copyright (33432) - type: string (2) Tag Location: 22 - Data Location: 26 - value: b'Copyright 2013'
2026-06-17 16:43:43   tag: ImageDescription (270) - type: string (2) Tag Location: 22 - Data Location: 26 - value: b'{"applied_s236562": true}\x00'
2026-06-17 16:43:43   tag: ImageDescription (270) - type: string (2) Tag Location: 22 - Data Location: 26 - value: b'{"applied_s236562": true}\x00'
2026-06-17 16:43:44   tag: ImageDescription (270) - type: string (2) Tag Location: 22 - Data Location: 26 - value: b'{"applied_s236562": true}\x00'
2026-06-17 16:43:44   tag: ImageDescription (270) - type: string (2) Tag Location: 22 - Data Location: 26 - value: b'{"applied_s236562": true}\x00'
2026-06-17 16:43:44   tag: Copyright (33432) - type: string (2) Tag Location: 22 - Data Location: 26 - value: b'Copyright 2013'
2026-06-17 16:43:45   tag: Copyright (33432) - type: string (2) Tag Location: 22 - Data Location: 26 - value: b'Copyright 2013'
2026-06-17 16:43:46   tag: ImageDescription (270) - type: string (2) Tag Location: 22 - Data Location: 26 - value: b'{"applied_s236562": true}\x00'
2026-06-17 16:43:46   tag: Copyright (33432) - type: string (2) Tag Location: 22 - Data Location: 26 - value: b'Copyright 2013'
2026-06-17 16:43:47   tag: ImageDescription (270) - type: string (2) Tag Location: 22 - Data Location: 26 - value: b'{"applied_s236562": true}\x00'
2026-06-17 16:43:49   tag: Copyright (33432) - type: string (2) Tag Location: 22 - Data Location: 26 - value: b'Copyright 2013'
2026-06-17 16:43:49   tag: Copyright (33432) - type: string (2) Tag Location: 22 - Data Location: 26 - value: b'Copyright 2013'
2026-06-17 16:43:49   tag: ImageDescription (270) - type: string (2) Tag Location: 22 - Data Location: 26 - value: b'{"applied_s236562": true}\x00'
2026-06-17 16:43:50   tag: ImageDescription (270) - type: string (2) Tag Location: 22 - Data Location: 26 - value: b'{"applied_s236562": true}\x00'
2026-06-17 16:43:50   tag: ImageDescription (270) - type: string (2) Tag Location: 22 - Data Location: 26 - value: b'{"applied_s236562": true}\x00'
2026-06-17 16:43:51   tag: ImageDescription (270) - type: string (2) Tag Location: 22 - Data Location: 26 - value: b'{"applied_s236562": true}\x00'
2026-06-17 16:43:51   tag: ImageDescription (270) - type: string (2) Tag Location: 22 - Data Location: 26 - value: b'{"applied_s236562": true}\x00'
2026-06-17 16:43:51   tag: Copyright (33432) - type: string (2) Tag Location: 22 - Data Location: 26 - value: b'Copyright 2013'
2026-06-17 16:43:51   tag: ImageDescription (270) - type: string (2) Tag Location: 22 - Data Location: 26 - value: b'{"applied_s236562": true}\x00'
2026-06-17 16:43:51   tag: ImageDescription (270) - type: string (2) Tag Location: 22 - Data Location: 26 - value: b'{"applied_s236562": true}\x00'
2026-06-17 16:43:51   tag: Copyright (33432) - type: string (2) Tag Location: 22 - Data Location: 26 - value: b'Copyright 2013'
2026-06-17 16:43:51   tag: ImageDescription (270) - type: string (2) Tag Location: 22 - Data Location: 26 - value: b'{"applied_s236562": true}\x00'
2026-06-17 16:43:51   tag: ImageDescription (270) - type: string (2) Tag Location: 22 - Data Location: 26 - value: b'{"applied_s236562": true}\x00'
2026-06-17 16:43:52   tag: Copyright (33432) - type: string (2) Tag Location: 22 - Data Location: 26 - value: b'Copyright 2013'
2026-06-17 16:43:52   tag: ImageDescription (270) - type: string (2) Tag Location: 22 - Data Location: 26 - value: b'{"applied_s236562": true}\x00'
2026-06-17 16:43:53   tag: ImageDescription (270) - type: string (2) Tag Location: 22 - Data Location: 26 - value: b'{"applied_s236562": true}\x00'
2026-06-17 16:43:54   tag: ImageDescription (270) - type: string (2) Tag Location: 22 - Data Location: 26 - value: b'{"applied_s236562": true}\x00'
2026-06-17 16:43:55   tag: ImageDescription (270) - type: string (2) Tag Location: 22 - Data Location: 26 - value: b'{"applied_s236562": true}\x00'
2026-06-17 16:43:55   tag: ImageDescription (270) - type: string (2) Tag Location: 22 - Data Location: 26 - value: b'{"applied_s236562": true}\x00'
2026-06-17 16:43:55   tag: ImageDescription (270) - type: string (2) Tag Location: 22 - Data Location: 26 - value: b'{"applied_s236562": true}\x00'
2026-06-17 16:43:56   tag: Copyright (33432) - type: string (2) Tag Location: 22 - Data Location: 26 - value: b'Copyright 2013'
2026-06-17 16:43:56   tag: Copyright (33432) - type: string (2) Tag Location: 22 - Data Location: 26 - value: b'Copyright 2013'
2026-06-17 16:43:57   tag: ImageDescription (270) - type: string (2) Tag Location: 22 - Data Location: 26 - value: b'{"applied_s236562": true}\x00'
2026-06-17 16:43:57   tag: ImageDescription (270) - type: string (2) Tag Location: 22 - Data Location: 26 - value: b'{"applied_s236562": true}\x00'
2026-06-17 16:43:57   tag: ImageDescription (270) - type: string (2) Tag Location: 22 - Data Location: 26 - value: b'{"applied_s236562": true}\x00'
2026-06-17 16:43:57   tag: ImageDescription (270) - type: string (2) Tag Location: 22 - Data Location: 26 - value: b'{"applied_s236562": true}\x00'
2026-06-17 16:43:58   tag: ImageDescription (270) - type: string (2) Tag Location: 22 - Data Location: 26 - value: b'{"applied_s236562": true}\x00'
2026-06-17 16:43:58   Importing JpegImagePlugin
2026-06-17 16:43:58   Importing JpegImagePlugin
2026-06-17 16:43:58   tag: ImageDescription (270) - type: string (2) Tag Location: 22 - Data Location: 26 - value: b'{"applied_s236562": true}\x00'
2026-06-17 16:44:00   tag: Copyright (33432) - type: string (2) Tag Location: 22 - Data Location: 26 - value: b'Copyright 2013'
2026-06-17 16:44:00   tag: ImageDescription (270) - type: string (2) Tag Location: 22 - Data Location: 26 - value: b'{"applied_s236562": true}\x00'
2026-06-17 16:44:00   tag: ImageDescription (270) - type: string (2) Tag Location: 22 - Data Location: 26 - value: b'{"applied_s236562": true}\x00'
2026-06-17 16:44:00   tag: ImageDescription (270) - type: string (2) Tag Location: 22 - Data Location: 26 - value: b'{"applied_s236562": true}\x00'
2026-06-17 16:44:01   tag: ImageDescription (270) - type: string (2) Tag Location: 22 - Data Location: 26 - value: b'{"applied_s236562": true}\x00'
2026-06-17 16:44:02   tag: ImageDescription (270) - type: string (2) Tag Location: 22 - Data Location: 26 - value: b'{"applied_s236562": true}\x00'
2026-06-17 16:44:02   tag: ImageDescription (270) - type: string (2) Tag Location: 22 - Data Location: 26 - value: b'{"applied_s236562": true}\x00'
2026-06-17 16:44:03   tag: ImageDescription (270) - type: string (2) Tag Location: 22 - Data Location: 26 - value: b'{"applied_s236562": true}\x00'
2026-06-17 16:44:04   tag: ImageDescription (270) - type: string (2) Tag Location: 22 - Data Location: 26 - value: b'{"applied_s236562": true}\x00'
2026-06-17 16:44:04   tag: ImageDescription (270) - type: string (2) Tag Location: 22 - Data Location: 26 - value: b'{"applied_s236562": true}\x00'
2026-06-17 16:44:04   tag: ImageDescription (270) - type: string (2) Tag Location: 22 - Data Location: 26 - value: b'{"applied_s236562": true}\x00'
2026-06-17 16:44:05   tag: ImageDescription (270) - type: string (2) Tag Location: 22 - Data Location: 26 - value: b'{"applied_s236562": true}\x00'
2026-06-17 16:44:05   tag: ImageDescription (270) - type: string (2) Tag Location: 22 - Data Location: 26 - value: b'{"applied_s236562": true}\x00'
2026-06-17 16:44:06   tag: ImageDescription (270) - type: string (2) Tag Location: 22 - Data Location: 26 - value: b'{"applied_s236562": true}\x00'
2026-06-17 16:44:06   tag: Copyright (33432) - type: string (2) Tag Location: 22 - Data Location: 26 - value: b'Copyright 2013'
2026-06-17 16:44:06   tag: Copyright (33432) - type: string (2) Tag Location: 22 - Data Location: 26 - value: b'Copyright 2013'
2026-06-17 16:44:07   tag: Copyright (33432) - type: string (2) Tag Location: 22 - Data Location: 26 - value: b'Copyright 2013'
2026-06-17 16:44:07   tag: Copyright (33432) - type: string (2) Tag Location: 22 - Data Location: 26 - value: b'Copyright 2013'
2026-06-17 16:44:07   tag: Copyright (33432) - type: string (2) Tag Location: 22 - Data Location: 26 - value: b'Copyright 2013'
2026-06-17 16:44:08   tag: ImageDescription (270) - type: string (2) Tag Location: 22 - Data Location: 26 - value: b'{"applied_s236562": true}\x00'
2026-06-17 16:44:08   tag: ImageDescription (270) - type: string (2) Tag Location: 22 - Data Location: 26 - value: b'{"applied_s236562": true}\x00'
2026-06-17 16:44:09   tag: ImageDescription (270) - type: string (2) Tag Location: 22 - Data Location: 26 - value: b'{"applied_s236562": true}\x00'
2026-06-17 16:44:10   tag: ImageDescription (270) - type: string (2) Tag Location: 22 - Data Location: 26 - value: b'{"applied_s236562": true}\x00'
2026-06-17 16:44:11   tag: Copyright (33432) - type: string (2) Tag Location: 22 - Data Location: 26 - value: b'Copyright 2013'
2026-06-17 16:44:12   tag: ImageDescription (270) - type: string (2) Tag Location: 22 - Data Location: 26 - value: b'{"applied_s236562": true}\x00'
2026-06-17 16:44:12   tag: ImageDescription (270) - type: string (2) Tag Location: 22 - Data Location: 26 - value: b'{"applied_s236562": true}\x00'
2026-06-17 16:44:13   tag: Copyright (33432) - type: string (2) Tag Location: 22 - Data Location: 26 - value: b'Copyright 2013'
2026-06-17 16:44:13   tag: ImageDescription (270) - type: string (2) Tag Location: 22 - Data Location: 26 - value: b'{"applied_s236562": true}\x00'
2026-06-17 16:44:13   tag: ImageDescription (270) - type: string (2) Tag Location: 22 - Data Location: 26 - value: b'{"applied_s236562": true}\x00'
2026-06-17 16:44:13   tag: ImageDescription (270) - type: string (2) Tag Location: 22 - Data Location: 26 - value: b'{"applied_s236562": true}\x00'
2026-06-17 16:44:15   tag: ImageDescription (270) - type: string (2) Tag Location: 22 - Data Location: 26 - value: b'{"applied_s236562": true}\x00'
2026-06-17 16:44:15   tag: ImageDescription (270) - type: string (2) Tag Location: 22 - Data Location: 26 - value: b'{"applied_s236562": true}\x00'
2026-06-17 16:44:15   tag: Copyright (33432) - type: string (2) Tag Location: 22 - Data Location: 26 - value: b'Copyright 2013'
2026-06-17 16:44:15   tag: Copyright (33432) - type: string (2) Tag Location: 22 - Data Location: 26 - value: b'Copyright 2013'
2026-06-17 16:44:15   tag: ImageDescription (270) - type: string (2) Tag Location: 22 - Data Location: 26 - value: b'{"applied_s236562": true}\x00'
2026-06-17 16:44:15   tag: Copyright (33432) - type: string (2) Tag Location: 22 - Data Location: 26 - value: b'Copyright 2013'
2026-06-17 16:44:15   tag: Copyright (33432) - type: string (2) Tag Location: 22 - Data Location: 26 - value: b'Copyright 2013'
2026-06-17 16:44:16   tag: ImageDescription (270) - type: string (2) Tag Location: 22 - Data Location: 26 - value: b'{"applied_s236562": true}\x00'
2026-06-17 16:44:17   tag: ImageDescription (270) - type: string (2) Tag Location: 22 - Data Location: 26 - value: b'{"applied_s236562": true}\x00'
2026-06-17 16:44:17   tag: ImageDescription (270) - type: string (2) Tag Location: 22 - Data Location: 26 - value: b'{"applied_s236562": true}\x00'
2026-06-17 16:44:17   tag: ImageDescription (270) - type: string (2) Tag Location: 22 - Data Location: 26 - value: b'{"applied_s236562": true}\x00'
2026-06-17 16:44:17   tag: ImageDescription (270) - type: string (2) Tag Location: 22 - Data Location: 26 - value: b'{"applied_s236562": true}\x00'
2026-06-17 16:44:17   tag: Copyright (33432) - type: string (2) Tag Location: 22 - Data Location: 26 - value: b'Copyright 2013'
2026-06-17 16:44:17   tag: Copyright (33432) - type: string (2) Tag Location: 22 - Data Location: 26 - value: b'Copyright 2013'
2026-06-17 16:44:18   tag: Copyright (33432) - type: string (2) Tag Location: 22 - Data Location: 26 - value: b'Copyright 2013'
2026-06-17 16:44:18   tag: Copyright (33432) - type: string (2) Tag Location: 22 - Data Location: 26 - value: b'Copyright 2013'
2026-06-17 16:44:19   tag: Copyright (33432) - type: string (2) Tag Location: 22 - Data Location: 26 - value: b'Copyright 2013'
2026-06-17 16:44:20   tag: ImageDescription (270) - type: string (2) Tag Location: 22 - Data Location: 26 - value: b'{"applied_s236562": true}\x00'
2026-06-17 16:44:20   tag: ImageDescription (270) - type: string (2) Tag Location: 22 - Data Location: 26 - value: b'{"applied_s236562": true}\x00'
2026-06-17 16:44:20   tag: Copyright (33432) - type: string (2) Tag Location: 22 - Data Location: 26 - value: b'Copyright 2013'
2026-06-17 16:44:20   tag: Copyright (33432) - type: string (2) Tag Location: 22 - Data Location: 26 - value: b'Copyright 2013'
2026-06-17 16:44:21   tag: ImageDescription (270) - type: string (2) Tag Location: 22 - Data Location: 26 - value: b'{"applied_s236562": true}\x00'
2026-06-17 16:44:22   tag: Copyright (33432) - type: string (2) Tag Location: 22 - Data Location: 26 - value: b'Copyright 2013'
2026-06-17 16:44:22   tag: ImageDescription (270) - type: string (2) Tag Location: 22 - Data Location: 26 - value: b'{"applied_s236562": true}\x00'
2026-06-17 16:44:23   tag: ImageDescription (270) - type: string (2) Tag Location: 22 - Data Location: 26 - value: b'{"applied_s236562": true}\x00'
2026-06-17 16:44:23   tag: ImageDescription (270) - type: string (2) Tag Location: 22 - Data Location: 26 - value: b'{"applied_s236562": true}\x00'
2026-06-17 16:44:23   tag: ImageDescription (270) - type: string (2) Tag Location: 22 - Data Location: 26 - value: b'{"applied_s236562": true}\x00'
2026-06-17 16:44:23   tag: Copyright (33432) - type: string (2) Tag Location: 22 - Data Location: 26 - value: b'Copyright 2013'
2026-06-17 16:44:24   tag: ImageDescription (270) - type: string (2) Tag Location: 22 - Data Location: 26 - value: b'{"applied_s236562": true}\x00'
2026-06-17 16:44:24   tag: ImageDescription (270) - type: string (2) Tag Location: 22 - Data Location: 26 - value: b'{"applied_s236562": true}\x00'
2026-06-17 16:44:24   tag: Copyright (33432) - type: string (2) Tag Location: 22 - Data Location: 26 - value: b'Copyright 2013'
2026-06-17 16:44:24   tag: Copyright (33432) - type: string (2) Tag Location: 22 - Data Location: 26 - value: b'Copyright 2013'
2026-06-17 16:44:24   tag: ImageDescription (270) - type: string (2) Tag Location: 22 - Data Location: 26 - value: b'{"applied_s236562": true}\x00'
2026-06-17 16:44:24   tag: ImageDescription (270) - type: string (2) Tag Location: 22 - Data Location: 26 - value: b'{"applied_s236562": true}\x00'
2026-06-17 16:44:25   tag: ImageDescription (270) - type: string (2) Tag Location: 22 - Data Location: 26 - value: b'{"applied_s236562": true}\x00'
2026-06-17 16:44:25   tag: ImageDescription (270) - type: string (2) Tag Location: 22 - Data Location: 26 - value: b'{"applied_s236562": true}\x00'
2026-06-17 16:44:26   tag: ImageDescription (270) - type: string (2) Tag Location: 22 - Data Location: 26 - value: b'{"applied_s236562": true}\x00'
2026-06-17 16:44:26   tag: Copyright (33432) - type: string (2) Tag Location: 22 - Data Location: 26 - value: b'Copyright 2013'
2026-06-17 16:44:26   tag: Copyright (33432) - type: string (2) Tag Location: 22 - Data Location: 26 - value: b'Copyright 2013'
2026-06-17 16:44:26   tag: ImageDescription (270) - type: string (2) Tag Location: 22 - Data Location: 26 - value: b'{"applied_s236562": true}\x00'
2026-06-17 16:44:27   tag: ImageDescription (270) - type: string (2) Tag Location: 22 - Data Location: 26 - value: b'{"applied_s236562": true}\x00'
2026-06-17 16:44:27   Importing JpegImagePlugin
2026-06-17 16:44:27   Importing JpegImagePlugin
2026-06-17 16:44:30   tag: Copyright (33432) - type: string (2) Tag Location: 22 - Data Location: 26 - value: b'Copyright 2013'
2026-06-17 16:44:31   tag: ImageDescription (270) - type: string (2) Tag Location: 22 - Data Location: 26 - value: b'{"applied_s236562": true}\x00'
2026-06-17 16:44:31   tag: ImageDescription (270) - type: string (2) Tag Location: 22 - Data Location: 26 - value: b'{"applied_s236562": true}\x00'
2026-06-17 16:44:31   tag: Copyright (33432) - type: string (2) Tag Location: 22 - Data Location: 26 - value: b'Copyright 2013'
2026-06-17 16:44:31   tag: ImageDescription (270) - type: string (2) Tag Location: 22 - Data Location: 26 - value: b'{"applied_s236562": true}\x00'
2026-06-17 16:44:32   tag: Copyright (33432) - type: string (2) Tag Location: 22 - Data Location: 26 - value: b'Copyright 2013'
2026-06-17 16:44:32   tag: Copyright (33432) - type: string (2) Tag Location: 22 - Data Location: 26 - value: b'Copyright 2013'
2026-06-17 16:44:32   tag: Copyright (33432) - type: string (2) Tag Location: 22 - Data Location: 26 - value: b'Copyright 2013'
2026-06-17 16:44:32   tag: Copyright (33432) - type: string (2) Tag Location: 22 - Data Location: 26 - value: b'Copyright 2013'
2026-06-17 16:44:33   tag: ImageDescription (270) - type: string (2) Tag Location: 22 - Data Location: 26 - value: b'{"applied_s236562": true}\x00'
2026-06-17 16:44:33   tag: Copyright (33432) - type: string (2) Tag Location: 22 - Data Location: 26 - value: b'Copyright 2013'
2026-06-17 16:44:34   tag: ImageDescription (270) - type: string (2) Tag Location: 22 - Data Location: 26 - value: b'{"applied_s236562": true}\x00'
2026-06-17 16:44:34   tag: ImageDescription (270) - type: string (2) Tag Location: 22 - Data Location: 26 - value: b'{"applied_s236562": true}\x00'
2026-06-17 16:44:35   tag: ImageDescription (270) - type: string (2) Tag Location: 22 - Data Location: 26 - value: b'{"applied_s236562": true}\x00'
2026-06-17 16:44:36   tag: ImageDescription (270) - type: string (2) Tag Location: 22 - Data Location: 26 - value: b'{"applied_s236562": true}\x00'
2026-06-17 16:44:37   tag: ImageDescription (270) - type: string (2) Tag Location: 22 - Data Location: 26 - value: b'{"applied_s236562": true}\x00'
2026-06-17 16:44:37   tag: ImageDescription (270) - type: string (2) Tag Location: 22 - Data Location: 26 - value: b'{"applied_s236562": true}\x00'
2026-06-17 16:44:37   tag: ImageDescription (270) - type: string (2) Tag Location: 22 - Data Location: 26 - value: b'{"applied_s236562": true}\x00'
2026-06-17 16:44:38   tag: ImageDescription (270) - type: string (2) Tag Location: 22 - Data Location: 26 - value: b'{"applied_s236562": true}\x00'
2026-06-17 16:44:39   tag: ImageDescription (270) - type: string (2) Tag Location: 22 - Data Location: 26 - value: b'{"applied_s236562": true}\x00'
2026-06-17 16:44:39   tag: Copyright (33432) - type: string (2) Tag Location: 22 - Data Location: 26 - value: b'Copyright 2013'
2026-06-17 16:44:39   tag: ImageDescription (270) - type: string (2) Tag Location: 22 - Data Location: 26 - value: b'{"applied_s236562": true}\x00'
2026-06-17 16:44:40   tag: Copyright (33432) - type: string (2) Tag Location: 22 - Data Location: 26 - value: b'Copyright 2013'
2026-06-17 16:44:40   tag: Copyright (33432) - type: string (2) Tag Location: 22 - Data Location: 26 - value: b'Copyright 2013'
2026-06-17 16:44:42   tag: Copyright (33432) - type: string (2) Tag Location: 22 - Data Location: 26 - value: b'Copyright 2013'
2026-06-17 16:44:42   tag: ImageDescription (270) - type: string (2) Tag Location: 22 - Data Location: 26 - value: b'{"applied_s236562": true}\x00'
2026-06-17 16:44:43   tag: ImageDescription (270) - type: string (2) Tag Location: 22 - Data Location: 26 - value: b'{"applied_s236562": true}\x00'
2026-06-17 16:44:43   tag: Copyright (33432) - type: string (2) Tag Location: 22 - Data Location: 26 - value: b'Copyright 2013'
2026-06-17 16:44:44   tag: ImageDescription (270) - type: string (2) Tag Location: 22 - Data Location: 26 - value: b'{"applied_s236562": true}\x00'
2026-06-17 16:44:44   tag: ImageDescription (270) - type: string (2) Tag Location: 22 - Data Location: 26 - value: b'{"applied_s236562": true}\x00'
2026-06-17 16:44:45   tag: ImageDescription (270) - type: string (2) Tag Location: 22 - Data Location: 26 - value: b'{"applied_s236562": true}\x00'
2026-06-17 16:44:45   tag: ImageDescription (270) - type: string (2) Tag Location: 22 - Data Location: 26 - value: b'{"applied_s236562": true}\x00'
2026-06-17 16:44:45   tag: ImageDescription (270) - type: string (2) Tag Location: 22 - Data Location: 26 - value: b'{"applied_s236562": true}\x00'
2026-06-17 16:44:45   tag: ImageDescription (270) - type: string (2) Tag Location: 22 - Data Location: 26 - value: b'{"applied_s236562": true}\x00'
2026-06-17 16:44:46   tag: ImageDescription (270) - type: string (2) Tag Location: 22 - Data Location: 26 - value: b'{"applied_s236562": true}\x00'
2026-06-17 16:44:47   tag: ImageDescription (270) - type: string (2) Tag Location: 22 - Data Location: 26 - value: b'{"applied_s236562": true}\x00'
2026-06-17 16:44:47   tag: Copyright (33432) - type: string (2) Tag Location: 22 - Data Location: 26 - value: b'Copyright 2013'
2026-06-17 16:44:47   tag: ImageDescription (270) - type: string (2) Tag Location: 22 - Data Location: 26 - value: b'{"applied_s236562": true}\x00'
2026-06-17 16:44:47   tag: ImageDescription (270) - type: string (2) Tag Location: 22 - Data Location: 26 - value: b'{"applied_s236562": true}\x00'
2026-06-17 16:44:48   tag: ImageDescription (270) - type: string (2) Tag Location: 22 - Data Location: 26 - value: b'{"applied_s236562": true}\x00'
2026-06-17 16:44:48   tag: Copyright (33432) - type: string (2) Tag Location: 22 - Data Location: 26 - value: b'Copyright 2013'
2026-06-17 16:44:48   tag: ImageDescription (270) - type: string (2) Tag Location: 22 - Data Location: 26 - value: b'{"applied_s236562": true}\x00'
2026-06-17 16:44:48   tag: Copyright (33432) - type: string (2) Tag Location: 22 - Data Location: 26 - value: b'Copyright 2013'
2026-06-17 16:44:49   tag: Copyright (33432) - type: string (2) Tag Location: 22 - Data Location: 26 - value: b'Copyright 2013'
2026-06-17 16:44:49   tag: Copyright (33432) - type: string (2) Tag Location: 22 - Data Location: 26 - value: b'Copyright 2013'
2026-06-17 16:44:49   tag: ImageDescription (270) - type: string (2) Tag Location: 22 - Data Location: 26 - value: b'{"applied_s236562": true}\x00'
2026-06-17 16:44:49   tag: Copyright (33432) - type: string (2) Tag Location: 22 - Data Location: 26 - value: b'Copyright 2013'
2026-06-17 16:44:50   tag: Copyright (33432) - type: string (2) Tag Location: 22 - Data Location: 26 - value: b'Copyright 2013'
2026-06-17 16:44:50   tag: ImageDescription (270) - type: string (2) Tag Location: 22 - Data Location: 26 - value: b'{"applied_s236562": true}\x00'
2026-06-17 16:44:50   tag: ImageDescription (270) - type: string (2) Tag Location: 22 - Data Location: 26 - value: b'{"applied_s236562": true}\x00'
2026-06-17 16:44:51   tag: ImageDescription (270) - type: string (2) Tag Location: 22 - Data Location: 26 - value: b'{"applied_s236562": true}\x00'
2026-06-17 16:44:52   tag: ImageDescription (270) - type: string (2) Tag Location: 22 - Data Location: 26 - value: b'{"applied_s236562": true}\x00'
2026-06-17 16:44:52   tag: ImageDescription (270) - type: string (2) Tag Location: 22 - Data Location: 26 - value: b'{"applied_s236562": true}\x00'
2026-06-17 16:44:53   tag: Copyright (33432) - type: string (2) Tag Location: 22 - Data Location: 26 - value: b'Copyright 2013'
2026-06-17 16:44:53   tag: ImageDescription (270) - type: string (2) Tag Location: 22 - Data Location: 26 - value: b'{"applied_s236562": true}\x00'
2026-06-17 16:44:53   tag: ImageDescription (270) - type: string (2) Tag Location: 22 - Data Location: 26 - value: b'{"applied_s236562": true}\x00'
2026-06-17 16:44:55   Importing JpegImagePlugin
2026-06-17 16:44:55   Importing JpegImagePlugin
2026-06-17 16:44:56   tag: Copyright (33432) - type: string (2) Tag Location: 22 - Data Location: 26 - value: b'Copyright 2013'
2026-06-17 16:44:56   tag: ImageDescription (270) - type: string (2) Tag Location: 22 - Data Location: 26 - value: b'{"applied_s236562": true}\x00'
2026-06-17 16:44:57   tag: ImageDescription (270) - type: string (2) Tag Location: 22 - Data Location: 26 - value: b'{"applied_s236562": true}\x00'
2026-06-17 16:44:58   tag: ImageDescription (270) - type: string (2) Tag Location: 22 - Data Location: 26 - value: b'{"applied_s236562": true}\x00'
2026-06-17 16:44:58   tag: Copyright (33432) - type: string (2) Tag Location: 22 - Data Location: 26 - value: b'Copyright 2013'
2026-06-17 16:44:59   tag: ImageDescription (270) - type: string (2) Tag Location: 22 - Data Location: 26 - value: b'{"applied_s236562": true}\x00'
2026-06-17 16:44:59   tag: ImageDescription (270) - type: string (2) Tag Location: 22 - Data Location: 26 - value: b'{"applied_s236562": true}\x00'
2026-06-17 16:44:59   tag: ImageDescription (270) - type: string (2) Tag Location: 22 - Data Location: 26 - value: b'{"applied_s236562": true}\x00'
2026-06-17 16:45:00   tag: ImageDescription (270) - type: string (2) Tag Location: 22 - Data Location: 26 - value: b'{"applied_s236562": true}\x00'
2026-06-17 16:45:00   tag: ImageDescription (270) - type: string (2) Tag Location: 22 - Data Location: 26 - value: b'{"applied_s236562": true}\x00'
2026-06-17 16:45:01   tag: ImageDescription (270) - type: string (2) Tag Location: 22 - Data Location: 26 - value: b'{"applied_s236562": true}\x00'
2026-06-17 16:45:01   tag: ImageDescription (270) - type: string (2) Tag Location: 22 - Data Location: 26 - value: b'{"applied_s236562": true}\x00'
2026-06-17 16:45:01   tag: ImageDescription (270) - type: string (2) Tag Location: 22 - Data Location: 26 - value: b'{"applied_s236562": true}\x00'
2026-06-17 16:45:02   tag: ImageDescription (270) - type: string (2) Tag Location: 22 - Data Location: 26 - value: b'{"applied_s236562": true}\x00'
2026-06-17 16:45:02   tag: ImageDescription (270) - type: string (2) Tag Location: 22 - Data Location: 26 - value: b'{"applied_s236562": true}\x00'
2026-06-17 16:45:02   tag: Copyright (33432) - type: string (2) Tag Location: 22 - Data Location: 26 - value: b'Copyright 2013'
2026-06-17 16:45:03   tag: ImageDescription (270) - type: string (2) Tag Location: 22 - Data Location: 26 - value: b'{"applied_s236562": true}\x00'
2026-06-17 16:45:03   tag: ImageDescription (270) - type: string (2) Tag Location: 22 - Data Location: 26 - value: b'{"applied_s236562": true}\x00'
2026-06-17 16:45:03   tag: ImageDescription (270) - type: string (2) Tag Location: 22 - Data Location: 26 - value: b'{"applied_s236562": true}\x00'
2026-06-17 16:45:03   tag: ImageDescription (270) - type: string (2) Tag Location: 22 - Data Location: 26 - value: b'{"applied_s236562": true}\x00'
2026-06-17 16:45:03   tag: ImageDescription (270) - type: string (2) Tag Location: 22 - Data Location: 26 - value: b'{"applied_s236562": true}\x00'
2026-06-17 16:45:03   tag: ImageDescription (270) - type: string (2) Tag Location: 22 - Data Location: 26 - value: b'{"applied_s236562": true}\x00'
2026-06-17 16:45:04   tag: ImageDescription (270) - type: string (2) Tag Location: 22 - Data Location: 26 - value: b'{"applied_s236562": true}\x00'
2026-06-17 16:45:04   tag: ImageDescription (270) - type: string (2) Tag Location: 22 - Data Location: 26 - value: b'{"applied_s236562": true}\x00'
2026-06-17 16:45:04   tag: ImageDescription (270) - type: string (2) Tag Location: 22 - Data Location: 26 - value: b'{"applied_s236562": true}\x00'
2026-06-17 16:45:04   tag: ImageDescription (270) - type: string (2) Tag Location: 22 - Data Location: 26 - value: b'{"applied_s236562": true}\x00'
2026-06-17 16:45:04   tag: Copyright (33432) - type: string (2) Tag Location: 22 - Data Location: 26 - value: b'Copyright 2013'
2026-06-17 16:45:04   tag: Copyright (33432) - type: string (2) Tag Location: 22 - Data Location: 26 - value: b'Copyright 2013'
2026-06-17 16:45:04   tag: ImageDescription (270) - type: string (2) Tag Location: 22 - Data Location: 26 - value: b'{"applied_s236562": true}\x00'
2026-06-17 16:45:04   tag: Copyright (33432) - type: string (2) Tag Location: 22 - Data Location: 26 - value: b'Copyright 2013'
2026-06-17 16:45:05   tag: Copyright (33432) - type: string (2) Tag Location: 22 - Data Location: 26 - value: b'Copyright 2013'
2026-06-17 16:45:05   tag: Copyright (33432) - type: string (2) Tag Location: 22 - Data Location: 26 - value: b'Copyright 2013'
2026-06-17 16:45:05   tag: ImageDescription (270) - type: string (2) Tag Location: 22 - Data Location: 26 - value: b'{"applied_s236562": true}\x00'
2026-06-17 16:45:05   tag: ImageDescription (270) - type: string (2) Tag Location: 22 - Data Location: 26 - value: b'{"applied_s236562": true}\x00'
2026-06-17 16:45:05   tag: ImageDescription (270) - type: string (2) Tag Location: 22 - Data Location: 26 - value: b'{"applied_s236562": true}\x00'
2026-06-17 16:45:06   tag: Copyright (33432) - type: string (2) Tag Location: 22 - Data Location: 26 - value: b'Copyright 2013'
2026-06-17 16:45:06   tag: ImageDescription (270) - type: string (2) Tag Location: 22 - Data Location: 26 - value: b'{"applied_s236562": true}\x00'
2026-06-17 16:45:07   tag: ImageDescription (270) - type: string (2) Tag Location: 22 - Data Location: 26 - value: b'{"applied_s236562": true}\x00'
2026-06-17 16:45:07   tag: Copyright (33432) - type: string (2) Tag Location: 22 - Data Location: 26 - value: b'Copyright 2013'
2026-06-17 16:45:07   tag: ImageDescription (270) - type: string (2) Tag Location: 22 - Data Location: 26 - value: b'{"applied_s236562": true}\x00'
2026-06-17 16:45:08   tag: ImageDescription (270) - type: string (2) Tag Location: 22 - Data Location: 26 - value: b'{"applied_s236562": true}\x00'
2026-06-17 16:45:08   tag: ImageDescription (270) - type: string (2) Tag Location: 22 - Data Location: 26 - value: b'{"applied_s236562": true}\x00'
2026-06-17 16:45:09   tag: Copyright (33432) - type: string (2) Tag Location: 22 - Data Location: 26 - value: b'Copyright 2013'
2026-06-17 16:45:09   tag: Copyright (33432) - type: string (2) Tag Location: 22 - Data Location: 26 - value: b'Copyright 2013'
2026-06-17 16:45:09   tag: ImageDescription (270) - type: string (2) Tag Location: 22 - Data Location: 26 - value: b'{"applied_s236562": true}\x00'
2026-06-17 16:45:10   tag: ImageDescription (270) - type: string (2) Tag Location: 22 - Data Location: 26 - value: b'{"applied_s236562": true}\x00'
2026-06-17 16:45:11   tag: ImageDescription (270) - type: string (2) Tag Location: 22 - Data Location: 26 - value: b'{"applied_s236562": true}\x00'
2026-06-17 16:45:11   tag: Copyright (33432) - type: string (2) Tag Location: 22 - Data Location: 26 - value: b'Copyright 2013'
2026-06-17 16:45:11   tag: ImageDescription (270) - type: string (2) Tag Location: 22 - Data Location: 26 - value: b'{"applied_s236562": true}\x00'
2026-06-17 16:45:11   tag: Copyright (33432) - type: string (2) Tag Location: 22 - Data Location: 26 - value: b'Copyright 2013'
2026-06-17 16:45:11   tag: ImageDescription (270) - type: string (2) Tag Location: 22 - Data Location: 26 - value: b'{"applied_s236562": true}\x00'
2026-06-17 16:45:11   tag: ImageDescription (270) - type: string (2) Tag Location: 22 - Data Location: 26 - value: b'{"applied_s236562": true}\x00'
2026-06-17 16:45:12   tag: ImageDescription (270) - type: string (2) Tag Location: 22 - Data Location: 26 - value: b'{"applied_s236562": true}\x00'
2026-06-17 16:45:13   tag: ImageDescription (270) - type: string (2) Tag Location: 22 - Data Location: 26 - value: b'{"applied_s236562": true}\x00'
2026-06-17 16:45:13   tag: Copyright (33432) - type: string (2) Tag Location: 22 - Data Location: 26 - value: b'Copyright 2013'
2026-06-17 16:45:13   tag: ImageDescription (270) - type: string (2) Tag Location: 22 - Data Location: 26 - value: b'{"applied_s236562": true}\x00'
2026-06-17 16:45:13   tag: Copyright (33432) - type: string (2) Tag Location: 22 - Data Location: 26 - value: b'Copyright 2013'
2026-06-17 16:45:13   tag: Copyright (33432) - type: string (2) Tag Location: 22 - Data Location: 26 - value: b'Copyright 2013'
2026-06-17 16:45:13   tag: ImageDescription (270) - type: string (2) Tag Location: 22 - Data Location: 26 - value: b'{"applied_s236562": true}\x00'
2026-06-17 16:45:13   tag: Copyright (33432) - type: string (2) Tag Location: 22 - Data Location: 26 - value: b'Copyright 2013'
2026-06-17 16:45:14   tag: Copyright (33432) - type: string (2) Tag Location: 22 - Data Location: 26 - value: b'Copyright 2013'
2026-06-17 16:45:14   tag: Copyright (33432) - type: string (2) Tag Location: 22 - Data Location: 26 - value: b'Copyright 2013'
2026-06-17 16:45:17   tag: ImageDescription (270) - type: string (2) Tag Location: 22 - Data Location: 26 - value: b'{"applied_s236562": true}\x00'
2026-06-17 16:45:17   tag: Copyright (33432) - type: string (2) Tag Location: 22 - Data Location: 26 - value: b'Copyright 2013'
2026-06-17 16:45:17   tag: Copyright (33432) - type: string (2) Tag Location: 22 - Data Location: 26 - value: b'Copyright 2013'
2026-06-17 16:45:18   tag: Copyright (33432) - type: string (2) Tag Location: 22 - Data Location: 26 - value: b'Copyright 2013'
2026-06-17 16:45:18   Importing JpegImagePlugin
2026-06-17 16:45:18   Importing JpegImagePlugin
2026-06-17 16:45:18   tag: ImageDescription (270) - type: string (2) Tag Location: 22 - Data Location: 26 - value: b'{"applied_s236562": true}\x00'
2026-06-17 16:45:18   tag: ImageDescription (270) - type: string (2) Tag Location: 22 - Data Location: 26 - value: b'{"applied_s236562": true}\x00'
2026-06-17 16:45:19   tag: ImageDescription (270) - type: string (2) Tag Location: 22 - Data Location: 26 - value: b'{"applied_s236562": true}\x00'
2026-06-17 16:45:19   tag: ImageDescription (270) - type: string (2) Tag Location: 22 - Data Location: 26 - value: b'{"applied_s236562": true}\x00'
2026-06-17 16:45:20   tag: ImageDescription (270) - type: string (2) Tag Location: 22 - Data Location: 26 - value: b'{"applied_s236562": true}\x00'
2026-06-17 16:45:20   tag: ImageDescription (270) - type: string (2) Tag Location: 22 - Data Location: 26 - value: b'{"applied_s236562": true}\x00'
2026-06-17 16:45:20   tag: Copyright (33432) - type: string (2) Tag Location: 22 - Data Location: 26 - value: b'Copyright 2013'
2026-06-17 16:45:20   tag: ImageDescription (270) - type: string (2) Tag Location: 22 - Data Location: 26 - value: b'{"applied_s236562": true}\x00'
2026-06-17 16:45:23   tag: ImageDescription (270) - type: string (2) Tag Location: 22 - Data Location: 26 - value: b'{"applied_s236562": true}\x00'
2026-06-17 16:45:23   tag: ImageDescription (270) - type: string (2) Tag Location: 22 - Data Location: 26 - value: b'{"applied_s236562": true}\x00'
2026-06-17 16:45:24   tag: ImageDescription (270) - type: string (2) Tag Location: 22 - Data Location: 26 - value: b'{"applied_s236562": true}\x00'
2026-06-17 16:45:25   tag: Copyright (33432) - type: string (2) Tag Location: 22 - Data Location: 26 - value: b'Copyright 2013'
2026-06-17 16:45:27   tag: Copyright (33432) - type: string (2) Tag Location: 22 - Data Location: 26 - value: b'Copyright 2013'
2026-06-17 16:45:27   tag: Copyright (33432) - type: string (2) Tag Location: 22 - Data Location: 26 - value: b'Copyright 2013'
2026-06-17 16:45:28   tag: Copyright (33432) - type: string (2) Tag Location: 22 - Data Location: 26 - value: b'Copyright 2013'
2026-06-17 16:45:28   tag: ImageDescription (270) - type: string (2) Tag Location: 22 - Data Location: 26 - value: b'{"applied_s236562": true}\x00'
2026-06-17 16:45:28   tag: Copyright (33432) - type: string (2) Tag Location: 22 - Data Location: 26 - value: b'Copyright 2013'
2026-06-17 16:45:29   tag: Copyright (33432) - type: string (2) Tag Location: 22 - Data Location: 26 - value: b'Copyright 2013'
2026-06-17 16:45:29   tag: Copyright (33432) - type: string (2) Tag Location: 22 - Data Location: 26 - value: b'Copyright 2013'
2026-06-17 16:45:29   tag: Copyright (33432) - type: string (2) Tag Location: 22 - Data Location: 26 - value: b'Copyright 2013'
2026-06-17 16:45:29   tag: ImageDescription (270) - type: string (2) Tag Location: 22 - Data Location: 26 - value: b'{"applied_s236562": true}\x00'
2026-06-17 16:45:30   tag: ImageDescription (270) - type: string (2) Tag Location: 22 - Data Location: 26 - value: b'{"applied_s236562": true}\x00'
2026-06-17 16:45:30   tag: ImageDescription (270) - type: string (2) Tag Location: 22 - Data Location: 26 - value: b'{"applied_s236562": true}\x00'
2026-06-17 16:45:30   tag: ImageDescription (270) - type: string (2) Tag Location: 22 - Data Location: 26 - value: b'{"applied_s236562": true}\x00'
2026-06-17 16:45:30   tag: ImageDescription (270) - type: string (2) Tag Location: 22 - Data Location: 26 - value: b'{"applied_s236562": true}\x00'
2026-06-17 16:45:30   tag: ImageDescription (270) - type: string (2) Tag Location: 22 - Data Location: 26 - value: b'{"applied_s236562": true}\x00'
2026-06-17 16:45:31   tag: ImageDescription (270) - type: string (2) Tag Location: 22 - Data Location: 26 - value: b'{"applied_s236562": true}\x00'
2026-06-17 16:45:31   tag: ImageDescription (270) - type: string (2) Tag Location: 22 - Data Location: 26 - value: b'{"applied_s236562": true}\x00'
2026-06-17 16:45:31   tag: ImageDescription (270) - type: string (2) Tag Location: 22 - Data Location: 26 - value: b'{"applied_s236562": true}\x00'
2026-06-17 16:45:32   tag: Copyright (33432) - type: string (2) Tag Location: 22 - Data Location: 26 - value: b'Copyright 2013'
2026-06-17 16:45:32   tag: Copyright (33432) - type: string (2) Tag Location: 22 - Data Location: 26 - value: b'Copyright 2013'
2026-06-17 16:45:32   tag: Copyright (33432) - type: string (2) Tag Location: 22 - Data Location: 26 - value: b'Copyright 2013'
2026-06-17 16:45:32   tag: ImageDescription (270) - type: string (2) Tag Location: 22 - Data Location: 26 - value: b'{"applied_s236562": true}\x00'
2026-06-17 16:45:33   tag: ImageDescription (270) - type: string (2) Tag Location: 22 - Data Location: 26 - value: b'{"applied_s236562": true}\x00'
2026-06-17 16:45:33   tag: ImageDescription (270) - type: string (2) Tag Location: 22 - Data Location: 26 - value: b'{"applied_s236562": true}\x00'
2026-06-17 16:45:34   tag: ImageDescription (270) - type: string (2) Tag Location: 22 - Data Location: 26 - value: b'{"applied_s236562": true}\x00'
2026-06-17 16:45:34   tag: ImageDescription (270) - type: string (2) Tag Location: 22 - Data Location: 26 - value: b'{"applied_s236562": true}\x00'
2026-06-17 16:45:34   tag: Copyright (33432) - type: string (2) Tag Location: 22 - Data Location: 26 - value: b'Copyright 2013'
2026-06-17 16:45:34   tag: Copyright (33432) - type: string (2) Tag Location: 22 - Data Location: 26 - value: b'Copyright 2013'
2026-06-17 16:45:34   tag: ImageDescription (270) - type: string (2) Tag Location: 22 - Data Location: 26 - value: b'{"applied_s236562": true}\x00'
2026-06-17 16:45:34   tag: ImageDescription (270) - type: string (2) Tag Location: 22 - Data Location: 26 - value: b'{"applied_s236562": true}\x00'
2026-06-17 16:45:34   tag: ImageDescription (270) - type: string (2) Tag Location: 22 - Data Location: 26 - value: b'{"applied_s236562": true}\x00'
2026-06-17 16:45:35   tag: ImageDescription (270) - type: string (2) Tag Location: 22 - Data Location: 26 - value: b'{"applied_s236562": true}\x00'
2026-06-17 16:45:35   tag: ImageDescription (270) - type: string (2) Tag Location: 22 - Data Location: 26 - value: b'{"applied_s236562": true}\x00'
2026-06-17 16:45:36   tag: ImageDescription (270) - type: string (2) Tag Location: 22 - Data Location: 26 - value: b'{"applied_s236562": true}\x00'
2026-06-17 16:45:36   tag: ImageDescription (270) - type: string (2) Tag Location: 22 - Data Location: 26 - value: b'{"applied_s236562": true}\x00'
2026-06-17 16:45:36   tag: Copyright (33432) - type: string (2) Tag Location: 22 - Data Location: 26 - value: b'Copyright 2013'
2026-06-17 16:45:36   tag: Copyright (33432) - type: string (2) Tag Location: 22 - Data Location: 26 - value: b'Copyright 2013'
2026-06-17 16:45:36   tag: Copyright (33432) - type: string (2) Tag Location: 22 - Data Location: 26 - value: b'Copyright 2013'
2026-06-17 16:45:37   tag: ImageDescription (270) - type: string (2) Tag Location: 22 - Data Location: 26 - value: b'{"applied_s236562": true}\x00'
2026-06-17 16:45:37   tag: ImageDescription (270) - type: string (2) Tag Location: 22 - Data Location: 26 - value: b'{"applied_s236562": true}\x00'
2026-06-17 16:45:37   tag: ImageDescription (270) - type: string (2) Tag Location: 22 - Data Location: 26 - value: b'{"applied_s236562": true}\x00'
2026-06-17 16:45:38   tag: ImageDescription (270) - type: string (2) Tag Location: 22 - Data Location: 26 - value: b'{"applied_s236562": true}\x00'
2026-06-17 16:45:38   tag: ImageDescription (270) - type: string (2) Tag Location: 22 - Data Location: 26 - value: b'{"applied_s236562": true}\x00'
2026-06-17 16:45:38   tag: Copyright (33432) - type: string (2) Tag Location: 22 - Data Location: 26 - value: b'Copyright 2013'
2026-06-17 16:45:38   tag: ImageDescription (270) - type: string (2) Tag Location: 22 - Data Location: 26 - value: b'{"applied_s236562": true}\x00'
2026-06-17 16:45:38   tag: ImageDescription (270) - type: string (2) Tag Location: 22 - Data Location: 26 - value: b'{"applied_s236562": true}\x00'
2026-06-17 16:45:39   tag: ImageDescription (270) - type: string (2) Tag Location: 22 - Data Location: 26 - value: b'{"applied_s236562": true}\x00'
2026-06-17 16:45:39   tag: ImageDescription (270) - type: string (2) Tag Location: 22 - Data Location: 26 - value: b'{"applied_s236562": true}\x00'
2026-06-17 16:45:39   tag: ImageDescription (270) - type: string (2) Tag Location: 22 - Data Location: 26 - value: b'{"applied_s236562": true}\x00'
2026-06-17 16:45:39   tag: ImageDescription (270) - type: string (2) Tag Location: 22 - Data Location: 26 - value: b'{"applied_s236562": true}\x00'
2026-06-17 16:45:40   tag: ImageDescription (270) - type: string (2) Tag Location: 22 - Data Location: 26 - value: b'{"applied_s236562": true}\x00'
2026-06-17 16:45:40   tag: ImageDescription (270) - type: string (2) Tag Location: 22 - Data Location: 26 - value: b'{"applied_s236562": true}\x00'
2026-06-17 16:45:40   tag: ImageDescription (270) - type: string (2) Tag Location: 22 - Data Location: 26 - value: b'{"applied_s236562": true}\x00'
2026-06-17 16:45:41   tag: ImageDescription (270) - type: string (2) Tag Location: 22 - Data Location: 26 - value: b'{"applied_s236562": true}\x00'
2026-06-17 16:45:41   tag: ImageDescription (270) - type: string (2) Tag Location: 22 - Data Location: 26 - value: b'{"applied_s236562": true}\x00'
2026-06-17 16:45:41   tag: ImageDescription (270) - type: string (2) Tag Location: 22 - Data Location: 26 - value: b'{"applied_s236562": true}\x00'
2026-06-17 16:45:41   tag: ImageDescription (270) - type: string (2) Tag Location: 22 - Data Location: 26 - value: b'{"applied_s236562": true}\x00'
2026-06-17 16:45:42   tag: Copyright (33432) - type: string (2) Tag Location: 22 - Data Location: 26 - value: b'Copyright 2013'
2026-06-17 16:45:42   tag: Copyright (33432) - type: string (2) Tag Location: 22 - Data Location: 26 - value: b'Copyright 2013'
2026-06-17 16:45:42   tag: ImageDescription (270) - type: string (2) Tag Location: 22 - Data Location: 26 - value: b'{"applied_s236562": true}\x00'
2026-06-17 16:45:43   tag: Copyright (33432) - type: string (2) Tag Location: 22 - Data Location: 26 - value: b'Copyright 2013'
2026-06-17 16:45:43   tag: Copyright (33432) - type: string (2) Tag Location: 22 - Data Location: 26 - value: b'Copyright 2013'
2026-06-17 16:45:43   tag: Copyright (33432) - type: string (2) Tag Location: 22 - Data Location: 26 - value: b'Copyright 2013'
2026-06-17 16:45:43   Importing JpegImagePlugin
2026-06-17 16:45:43   Importing JpegImagePlugin
2026-06-17 16:45:43   tag: Copyright (33432) - type: string (2) Tag Location: 22 - Data Location: 26 - value: b'Copyright 2013'
2026-06-17 16:45:44   tag: Copyright (33432) - type: string (2) Tag Location: 22 - Data Location: 26 - value: b'Copyright 2013'
2026-06-17 16:45:44   tag: Copyright (33432) - type: string (2) Tag Location: 22 - Data Location: 26 - value: b'Copyright 2013'
2026-06-17 16:45:45   tag: Copyright (33432) - type: string (2) Tag Location: 22 - Data Location: 26 - value: b'Copyright 2013'
2026-06-17 16:45:46   tag: Copyright (33432) - type: string (2) Tag Location: 22 - Data Location: 26 - value: b'Copyright 2013'
2026-06-17 16:45:46   tag: Copyright (33432) - type: string (2) Tag Location: 22 - Data Location: 26 - value: b'Copyright 2013'
2026-06-17 16:45:46   tag: ImageDescription (270) - type: string (2) Tag Location: 22 - Data Location: 26 - value: b'{"applied_s236562": true}\x00'
2026-06-17 16:45:46   tag: Copyright (33432) - type: string (2) Tag Location: 22 - Data Location: 26 - value: b'Copyright 2013'
2026-06-17 16:45:47   tag: ImageDescription (270) - type: string (2) Tag Location: 22 - Data Location: 26 - value: b'{"applied_s236562": true}\x00'
2026-06-17 16:45:47   tag: Copyright (33432) - type: string (2) Tag Location: 22 - Data Location: 26 - value: b'Copyright 2013'
2026-06-17 16:45:47   tag: ImageDescription (270) - type: string (2) Tag Location: 22 - Data Location: 26 - value: b'{"applied_s236562": true}\x00'
2026-06-17 16:45:48   tag: Copyright (33432) - type: string (2) Tag Location: 22 - Data Location: 26 - value: b'Copyright 2013'
2026-06-17 16:45:48   tag: ImageDescription (270) - type: string (2) Tag Location: 22 - Data Location: 26 - value: b'{"applied_s236562": true}\x00'
2026-06-17 16:45:49   tag: ImageDescription (270) - type: string (2) Tag Location: 22 - Data Location: 26 - value: b'{"applied_s236562": true}\x00'
2026-06-17 16:45:49   tag: ImageDescription (270) - type: string (2) Tag Location: 22 - Data Location: 26 - value: b'{"applied_s236562": true}\x00'
2026-06-17 16:45:50   tag: ImageDescription (270) - type: string (2) Tag Location: 22 - Data Location: 26 - value: b'{"applied_s236562": true}\x00'
2026-06-17 16:45:50   tag: ImageDescription (270) - type: string (2) Tag Location: 22 - Data Location: 26 - value: b'{"applied_s236562": true}\x00'
2026-06-17 16:45:50   tag: ImageDescription (270) - type: string (2) Tag Location: 22 - Data Location: 26 - value: b'{"applied_s236562": true}\x00'
2026-06-17 16:45:50   tag: ImageDescription (270) - type: string (2) Tag Location: 22 - Data Location: 26 - value: b'{"applied_s236562": true}\x00'
2026-06-17 16:45:51   tag: Copyright (33432) - type: string (2) Tag Location: 22 - Data Location: 26 - value: b'Copyright 2013'
2026-06-17 16:45:51   tag: Copyright (33432) - type: string (2) Tag Location: 22 - Data Location: 26 - value: b'Copyright 2013'
2026-06-17 16:45:52   tag: ImageDescription (270) - type: string (2) Tag Location: 22 - Data Location: 26 - value: b'{"applied_s236562": true}\x00'
2026-06-17 16:45:53   tag: ImageDescription (270) - type: string (2) Tag Location: 22 - Data Location: 26 - value: b'{"applied_s236562": true}\x00'
2026-06-17 16:45:53   tag: ImageDescription (270) - type: string (2) Tag Location: 22 - Data Location: 26 - value: b'{"applied_s236562": true}\x00'
2026-06-17 16:45:53   tag: ImageDescription (270) - type: string (2) Tag Location: 22 - Data Location: 26 - value: b'{"applied_s236562": true}\x00'
2026-06-17 16:45:53   tag: ImageDescription (270) - type: string (2) Tag Location: 22 - Data Location: 26 - value: b'{"applied_s236562": true}\x00'
2026-06-17 16:45:54   tag: ImageDescription (270) - type: string (2) Tag Location: 22 - Data Location: 26 - value: b'{"applied_s236562": true}\x00'
2026-06-17 16:45:54   tag: Copyright (33432) - type: string (2) Tag Location: 22 - Data Location: 26 - value: b'Copyright 2013'
2026-06-17 16:45:54   tag: Copyright (33432) - type: string (2) Tag Location: 22 - Data Location: 26 - value: b'Copyright 2013'
2026-06-17 16:45:54   tag: Copyright (33432) - type: string (2) Tag Location: 22 - Data Location: 26 - value: b'Copyright 2013'
2026-06-17 16:45:55   tag: ImageDescription (270) - type: string (2) Tag Location: 22 - Data Location: 26 - value: b'{"applied_s236562": true}\x00'
2026-06-17 16:45:55   tag: Copyright (33432) - type: string (2) Tag Location: 22 - Data Location: 26 - value: b'Copyright 2013'
2026-06-17 16:45:58   tag: Copyright (33432) - type: string (2) Tag Location: 22 - Data Location: 26 - value: b'Copyright 2013'
2026-06-17 16:46:00   tag: ImageDescription (270) - type: string (2) Tag Location: 22 - Data Location: 26 - value: b'{"applied_s236562": true}\x00'
2026-06-17 16:46:00   tag: ImageDescription (270) - type: string (2) Tag Location: 22 - Data Location: 26 - value: b'{"applied_s236562": true}\x00'
2026-06-17 16:46:00   tag: ImageDescription (270) - type: string (2) Tag Location: 22 - Data Location: 26 - value: b'{"applied_s236562": true}\x00'
2026-06-17 16:46:00   tag: Copyright (33432) - type: string (2) Tag Location: 22 - Data Location: 26 - value: b'Copyright 2013'
2026-06-17 16:46:01   tag: ImageDescription (270) - type: string (2) Tag Location: 22 - Data Location: 26 - value: b'{"applied_s236562": true}\x00'
2026-06-17 16:46:01   tag: ImageDescription (270) - type: string (2) Tag Location: 22 - Data Location: 26 - value: b'{"applied_s236562": true}\x00'
2026-06-17 16:46:01   tag: ImageDescription (270) - type: string (2) Tag Location: 22 - Data Location: 26 - value: b'{"applied_s236562": true}\x00'
2026-06-17 16:46:01   tag: ImageDescription (270) - type: string (2) Tag Location: 22 - Data Location: 26 - value: b'{"applied_s236562": true}\x00'
2026-06-17 16:46:02   tag: ImageDescription (270) - type: string (2) Tag Location: 22 - Data Location: 26 - value: b'{"applied_s236562": true}\x00'
2026-06-17 16:46:02   tag: Copyright (33432) - type: string (2) Tag Location: 22 - Data Location: 26 - value: b'Copyright 2013'
2026-06-17 16:46:02   tag: Copyright (33432) - type: string (2) Tag Location: 22 - Data Location: 26 - value: b'Copyright 2013'
2026-06-17 16:46:03   tag: Copyright (33432) - type: string (2) Tag Location: 22 - Data Location: 26 - value: b'Copyright 2013'
2026-06-17 16:46:03   tag: Copyright (33432) - type: string (2) Tag Location: 22 - Data Location: 26 - value: b'Copyright 2013'
2026-06-17 16:46:03   tag: ImageDescription (270) - type: string (2) Tag Location: 22 - Data Location: 26 - value: b'{"applied_s236562": true}\x00'
2026-06-17 16:46:04   tag: ImageDescription (270) - type: string (2) Tag Location: 22 - Data Location: 26 - value: b'{"applied_s236562": true}\x00'
2026-06-17 16:46:04   tag: ImageDescription (270) - type: string (2) Tag Location: 22 - Data Location: 26 - value: b'{"applied_s236562": true}\x00'
2026-06-17 16:46:04   tag: ImageDescription (270) - type: string (2) Tag Location: 22 - Data Location: 26 - value: b'{"applied_s236562": true}\x00'
2026-06-17 16:46:04   tag: ImageDescription (270) - type: string (2) Tag Location: 22 - Data Location: 26 - value: b'{"applied_s236562": true}\x00'
2026-06-17 16:46:05   tag: ImageDescription (270) - type: string (2) Tag Location: 22 - Data Location: 26 - value: b'{"applied_s236562": true}\x00'
2026-06-17 16:46:05   tag: ImageDescription (270) - type: string (2) Tag Location: 22 - Data Location: 26 - value: b'{"applied_s236562": true}\x00'
2026-06-17 16:46:06   tag: ImageDescription (270) - type: string (2) Tag Location: 22 - Data Location: 26 - value: b'{"applied_s236562": true}\x00'
2026-06-17 16:46:06   tag: ImageDescription (270) - type: string (2) Tag Location: 22 - Data Location: 26 - value: b'{"applied_s236562": true}\x00'
2026-06-17 16:46:06   tag: Copyright (33432) - type: string (2) Tag Location: 22 - Data Location: 26 - value: b'Copyright 2013'
2026-06-17 16:46:06   tag: ImageDescription (270) - type: string (2) Tag Location: 22 - Data Location: 26 - value: b'{"applied_s236562": true}\x00'
2026-06-17 16:46:06   tag: ImageDescription (270) - type: string (2) Tag Location: 22 - Data Location: 26 - value: b'{"applied_s236562": true}\x00'
2026-06-17 16:46:06   tag: ImageDescription (270) - type: string (2) Tag Location: 22 - Data Location: 26 - value: b'{"applied_s236562": true}\x00'
2026-06-17 16:46:07   tag: Copyright (33432) - type: string (2) Tag Location: 22 - Data Location: 26 - value: b'Copyright 2013'
2026-06-17 16:46:08   tag: ImageDescription (270) - type: string (2) Tag Location: 22 - Data Location: 26 - value: b'{"applied_s236562": true}\x00'
